Id,Account_Type_Description__c,AccountNumber,AccountSource,AnnualRevenue,BillingCity,BillingCountry,BillingGeocodeAccuracy,BillingLatitude,BillingLongitude,BillingPostalCode,BillingState,BillingStreet,Contract_Status__c,Description,Fax,Industry,Jigsaw,JigsawCompanyId,LastActivityDate,Name,NumberOfEmployees,OperatingHoursId,OwnerId,Ownership,ParentId,Payout_Terms__c,Phone,PhotoUrl,Rating,RecordTypeId,ShippingCity,ShippingCountry,ShippingGeocodeAccuracy,ShippingLatitude,ShippingLongitude,ShippingPostalCode,ShippingState,ShippingStreet,Sic,SicDesc,Site,TickerSymbol,Type,Website
001Ws00003ahK23IAE,Represents individual customers or organizations purchasing food or services through the platform. Typically associated with order history and loyalty programs.,,,,Toronto,Canada,,,,L4B 1Y3,Ontario,150 Chestnut Street,,"GBM is the worldwide leader in technology news and information on the Web and the producer of the longest-running and farthest-reaching television shows about technology. GBM's network of sites combines breakthrough interactive technology with engaging content and design and is consistently ranked as the Internet's leading content network in terms of both audience size and revenue, serving millions of users each day. The company's television programming is broadcast by the USA Network and the Sci-Fi Channel to more than 70 million households and is syndicated to broadcast television stations in the nation's top 120 markets, including the top 10 markets.",,Media,,,,Global Media,14668,,005Ws000003miUrIAI,,,,(905) 555-1212,/services/images/photo/001Ws00003ahK23IAE,,012Ws000000x75WIAQ,Toronto,Canada,,,,L4B 1Y3,Ontario,150 Chestnut Street,,,,,Customer Account,
001Ws00003ahK24IAE,Represents individual customers or organizations purchasing food or services through the platform. Typically associated with order history and loyalty programs.,,,100000000,New York,USA,,,,31349,NY,10 Main Rd.,,,(212) 555-5555,Manufacturing,,,,Acme,680,,005Ws000003miUrIAI,,,,(212) 555-5555,/services/images/photo/001Ws00003ahK24IAE,,012Ws000000x75WIAQ,New York,USA,,,,31349,NY,10 Main Rd.,,,,,Customer Account,
001Ws00003ahK25IAE,Represents individual customers or organizations purchasing food or services through the platform. Typically associated with order history and loyalty programs.,,,,San Francisco,USA,,,,94105,CA,"The Landmark @ One Market, Suite 300",,"Founded in March 1999, salesforce.com (http://www.salesforce.com) builds and delivers customer relationship management (CRM) applications as scalable online services. The salesforce.com product suite - Team Edition, Professional Edition, Enterprise Edition, Wireless Edition and Offline Edition - gives companies of all sizes a complete 360-degree view of the customer. The company's award-winning CRM solutions provide integrated online sales force automation, customer service and support management, and marketing automation applications to help companies meet the complex challenges of global customer communication. Salesforce.com has received considerable recognition in the industry, including Editors' Choice and two Five-Star ratings from PC Magazine, two Deploy Awards from InfoWorld, Red Herring 100, Upside Hot 100, Investor's Choice Award from Enterprise Outlook, Editors' Choice from TMCLabs, Top 10 CRM Implementation from Aberdeen Group, and InfoWorld's 2001 CRM Technology of the Year. Founded in 1999, salesforce.com is headquartered in San Francisco, with offices in Europe and Asia.",(415) 901-7040,Technology,,,,salesforce.com,,,005Ws000003miUrIAI,,,,(415) 901-7000,/services/images/photo/001Ws00003ahK25IAE,,012Ws000000x75WIAQ,San Francisco,USA,,,,94105,CA,"The Landmark @ One Market, Suite 300",,,,,Customer Account,http://www.salesforce.com
001Ws00003av0RgIAI,A company that owns or operates multiple restaurant brands or locations under a single corporate entity. Often responsible for managing partnerships at scale.,,,5000000,Dallas,USA,,,,75219,TX,2401 Victory Avenue,Signed,"A trendy, fast-casual dining group offering an eclectic mix of globally inspired dishes. Known for its vibrant, urban ambiance and innovative menu, Urban Eats Collective brings city vibes to every meal.",,,,,,Urban Eats Collective,500,,005Ws000003miUrIAI,,,Monthly,214-555-1010,/services/images/photo/001Ws00003av0RgIAI,,012Ws000000x75WIAQ,Dallas,USA,,,,75219,TX,2401 Victory Avenue,,,,,Restaurant Group,www.urbaneats.com
001Ws00003av0RhIAI,"A standalone business providing food or related services. Often a single location with independent ownership, such as a family-run restaurant or shop.",,,1000000,Dallas,USA,,,,75208,TX,330 West Davis Street,Signed,A neighborhood favorite specializing in hearty comfort food and classic favorites. Savory Street Co. prides itself on its warm hospitality and dishes that feel like home.,,,,,,Savory Street Co.,50,,005Ws000003miUrIAI,,,Biweekly,469-555-2020,/services/images/photo/001Ws00003av0RhIAI,,012Ws000000x75WIAQ,Dallas,USA,,,,75208,TX,330 West Davis Street,,,,,Independent Vendor,www.savorystreet.com
001Ws00003av0RiIAI,A company that owns or operates multiple restaurant brands or locations under a single corporate entity. Often responsible for managing partnerships at scale.,,,2000000,Dallas,USA,,,,75226,TX,2615 Elm Street,Pending Renewal,A modern fusion restaurant blending flavors from around the world. BiteFusion Kitchen is renowned for its creative pairings and a menu that constantly surprises and delights.,,,,,,BiteFusion Kitchen,200,,005Ws000003miUrIAI,,,Monthly,972-555-3030,/services/images/photo/001Ws00003av0RiIAI,,012Ws000000x75WIAQ,Dallas,USA,,,,75226,TX,2615 Elm Street,,,,,Restaurant Group,www.bitefusion.com
001Ws00003av0RjIAI,"A standalone business providing food or related services. Often a single location with independent ownership, such as a family-run restaurant or shop.",,,750000,Dallas,USA,,,,75212,TX,3011 Gulden Lane,Signed,"A health-conscious eatery focused on fresh, organic, and sustainable ingredients. GreenFork Bistro offers a variety of vegan, vegetarian, and gluten-free options to suit every palate.",,,,,,GreenFork Bistro,25,,005Ws000003miUrIAI,,,Weekly,214-555-4040,/services/images/photo/001Ws00003av0RjIAI,,012Ws000000x75WIAQ,Dallas,USA,,,,75212,TX,3011 Gulden Lane,,,,,Independent Vendor,www.greenforkbistro.com
001Ws00003av0RkIAI,"A standalone business providing food or related services. Often a single location with independent ownership, such as a family-run restaurant or shop.",,,500000,Dallas,USA,,,,75204,TX,2720 McKinney Avenue,Signed,"A classic deli reimagined with a gourmet twist. FlavorTrail Deli offers handcrafted sandwiches, fresh salads, and signature soups, all made with premium ingredients.",,,,,,FlavorTrail Deli,15,,005Ws000003miUrIAI,,,Biweekly,469-555-5050,/services/images/photo/001Ws00003av0RkIAI,,012Ws000000x75WIAQ,Dallas,USA,,,,75204,TX,2720 McKinney Avenue,,,,,Independent Vendor,www.flavortraildeli.com
001Ws00003av0RlIAI,A company that owns or operates multiple restaurant brands or locations under a single corporate entity. Often responsible for managing partnerships at scale.,,,4000000,Dallas,USA,,,,75201,TX,2800 Routh Street,Signed,A lively marketplace-style restaurant featuring a rotating menu of local specialties and international cuisine. MetroMunch is perfect for adventurous food lovers seeking variety.,,,,,,MetroMunch Marketplace,300,,005Ws000003miUrIAI,,,Monthly,972-555-6060,/services/images/photo/001Ws00003av0RlIAI,,012Ws000000x75WIAQ,Dallas,USA,,,,75201,TX,2800 Routh Street,,,,,Restaurant Group,www.metromunch.com
001Ws00003av0RmIAI,A company that owns or operates multiple restaurant brands or locations under a single corporate entity. Often responsible for managing partnerships at scale.,,,3000000,Dallas,USA,,,,75204,TX,2140 North Hall Street,Pending Renewal,A fine-dining establishment offering expertly crafted dishes with a focus on local and seasonal ingredients. Artisan Plates & Co. is the go-to destination for elegant meals and special occasions.,,,,,,Artisan Plates & Co.,150,,005Ws000003miUrIAI,,,Monthly,214-555-7070,/services/images/photo/001Ws00003av0RmIAI,,012Ws000000x75WIAQ,Dallas,USA,,,,75204,TX,2140 North Hall Street,,,,,Restaurant Group,www.artisanplates.com
001Ws00003av0RnIAI,"A standalone business providing food or related services. Often a single location with independent ownership, such as a family-run restaurant or shop.",,,400000,Dallas,USA,,,,75208,TX,1101 West Davis Street,Signed,"A cozy café known for its artisanal coffee, baked goods, and light lunch options. Basil & Thyme is a favorite spot for catching up with friends or enjoying a peaceful afternoon.",,,,,,Basil & Thyme Cafe,20,,005Ws000003miUrIAI,,,Weekly,469-555-8080,/services/images/photo/001Ws00003av0RnIAI,,012Ws000000x75WIAQ,Dallas,USA,,,,75208,TX,1101 West Davis Street,,,,,Independent Vendor,www.basilthyme.com
001Ws00003av0RoIAI,A company that owns or operates multiple restaurant brands or locations under a single corporate entity. Often responsible for managing partnerships at scale.,,,2000000,Dallas,USA,,,,75212,TX,320 Singleton Boulevard,Signed,A farm-to-table restaurant dedicated to showcasing the best of local produce and flavors. Harvest Table Kitchens celebrates community and sustainability in every dish.,,,,,,Harvest Table Kitchens,100,,005Ws000003miUrIAI,,,Monthly,972-555-9090,/services/images/photo/001Ws00003av0RoIAI,,012Ws000000x75WIAQ,Dallas,USA,,,,75212,TX,320 Singleton Boulevard,,,,,Restaurant Group,www.harvesttable.com
001Ws00003av0RpIAI,"A standalone business providing food or related services. Often a single location with independent ownership, such as a family-run restaurant or shop.",,,1500000,Dallas,USA,,,,75204,TX,3839 McKinney Avenue,Signed,A contemporary steakhouse with a bold approach to grilling. Epicurean Edge Grill combines traditional techniques with innovative flavors for an unforgettable dining experience.,,,,,,Epicurean Edge Grill,75,,005Ws000003miUrIAI,,,Biweekly,214-555-0100,/services/images/photo/001Ws00003av0RpIAI,,012Ws000000x75WIAQ,Dallas,USA,,,,75204,TX,3839 McKinney Avenue,,,,,Independent Vendor,www.epicureanedge.com
001Ws00003b5HNxIAM,Represents individual customers or organizations purchasing food or services through the platform. Typically associated with order history and loyalty programs.,100814,,,Washington,United States,,,,20016,District of Columbia,434 Lunder Pass,,,,,,,,MacVay Household - 100814,,,005Ws000003miUrIAI,,,,1845306311,/services/images/photo/001Ws00003b5HNxIAM,,012Ws000000x75VIAQ,,,,,,,,,,,,,Customer Account,
001Ws00003b5HNyIAM,Represents individual customers or organizations purchasing food or services through the platform. Typically associated with order history and loyalty programs.,101069,,,Honolulu,United States,,,,96850,Hawaii,41 Spenser Trail,,,,,,,,Lewing Household - 101069,,,005Ws000003miUrIAI,,,,9166323595,/services/images/photo/001Ws00003b5HNyIAM,,012Ws000000x75VIAQ,,,,,,,,,,,,,Customer Account,
001Ws00003b5HNzIAM,Represents individual customers or organizations purchasing food or services through the platform. Typically associated with order history and loyalty programs.,100551,,,San Antonio,United States,,,,78278,Texas,01782 Sommers Crossing,,,,,,,,Seiler Household - 100551,,,005Ws000003miUrIAI,,,,5188519076,/services/images/photo/001Ws00003b5HNzIAM,,012Ws000000x75VIAQ,,,,,,,,,,,,,Customer Account,
001Ws00003b5HO0IAM,Represents individual customers or organizations purchasing food or services through the platform. Typically associated with order history and loyalty programs.,101040,,,Washington,United States,,,,20016,District of Columbia,82623 Melvin Court,,,,,,,,Gadault Household - 101040,,,005Ws000003miUrIAI,,,,7189497955,/services/images/photo/001Ws00003b5HO0IAM,,012Ws000000x75VIAQ,,,,,,,,,,,,,Customer Account,
001Ws00003b5HO1IAM,Represents individual customers or organizations purchasing food or services through the platform. Typically associated with order history and loyalty programs.,100923,,,Honolulu,United States,,,,96825,Hawaii,61674 Fremont Plaza,,,,,,,,Pigford Household - 100923,,,005Ws000003miUrIAI,,,,3354066471,/services/images/photo/001Ws00003b5HO1IAM,,012Ws000000x75VIAQ,,,,,,,,,,,,,Customer Account,
001Ws00003b5HO2IAM,Represents individual customers or organizations purchasing food or services through the platform. Typically associated with order history and loyalty programs.,101076,,,New York City,United States,,,,10270,New York,25777 Artisan Point,,,,,,,,Petrulis Household - 101076,,,005Ws000003miUrIAI,,,,8028343827,/services/images/photo/001Ws00003b5HO2IAM,,012Ws000000x75VIAQ,,,,,,,,,,,,,Customer Account,
001Ws00003b5HO3IAM,Represents individual customers or organizations purchasing food or services through the platform. Typically associated with order history and loyalty programs.,100792,,,Des Moines,United States,,,,50981,Iowa,51039 Golf Alley,,,,,,,,Dorcey Household - 100792,,,005Ws000003miUrIAI,,,,2397585678,/services/images/photo/001Ws00003b5HO3IAM,,012Ws000000x75VIAQ,,,,,,,,,,,,,Customer Account,
001Ws00003b5HO4IAM,Represents individual customers or organizations purchasing food or services through the platform. Typically associated with order history and loyalty programs.,100616,,,Indianapolis,United States,,,,46254,Indiana,67 Birchwood Court,,,,,,,,Stebbings Household - 100616,,,005Ws000003miUrIAI,,,,1285357744,/services/images/photo/001Ws00003b5HO4IAM,,012Ws000000x75VIAQ,,,,,,,,,,,,,Customer Account,
001Ws00003b5HO5IAM,Represents individual customers or organizations purchasing food or services through the platform. Typically associated with order history and loyalty programs.,100860,,,Denver,United States,,,,80243,Colorado,2123 Amoth Park,,,,,,,,Oliva Household - 100860,,,005Ws000003miUrIAI,,,,8188200253,/services/images/photo/001Ws00003b5HO5IAM,,012Ws000000x75VIAQ,,,,,,,,,,,,,Customer Account,
001Ws00003b5HO6IAM,Represents individual customers or organizations purchasing food or services through the platform. Typically associated with order history and loyalty programs.,100857,,,Allentown,United States,,,,18105,Pennsylvania,887 School Avenue,,,,,,,,Dabner Household - 100857,,,005Ws000003miUrIAI,,,,8794074329,/services/images/photo/001Ws00003b5HO6IAM,,012Ws000000x75VIAQ,,,,,,,,,,,,,Customer Account,
001Ws00003b5HO7IAM,Represents individual customers or organizations purchasing food or services through the platform. Typically associated with order history and loyalty programs.,100550,,,Chicago,United States,,,,60624,Illinois,23379 Macpherson Junction,,,,,,,,Domone Household - 100550,,,005Ws000003miUrIAI,,,,6152615985,/services/images/photo/001Ws00003b5HO7IAM,,012Ws000000x75VIAQ,,,,,,,,,,,,,Customer Account,
001Ws00003b5HO8IAM,Represents individual customers or organizations purchasing food or services through the platform. Typically associated with order history and loyalty programs.,101008,,,Saint Cloud,United States,,,,56372,Minnesota,3250 Golden Leaf Street,,,,,,,,Power Household - 101008,,,005Ws000003miUrIAI,,,,4166097014,/services/images/photo/001Ws00003b5HO8IAM,,012Ws000000x75VIAQ,,,,,,,,,,,,,Customer Account,
001Ws00003b5HO9IAM,Represents individual customers or organizations purchasing food or services through the platform. Typically associated with order history and loyalty programs.,101010,,,Norwalk,United States,,,,6854,Connecticut,147 Bashford Pass,,,,,,,,Preddle Household - 101010,,,005Ws000003miUrIAI,,,,1424477982,/services/images/photo/001Ws00003b5HO9IAM,,012Ws000000x75VIAQ,,,,,,,,,,,,,Customer Account,
001Ws00003b5HOAIA2,Represents individual customers or organizations purchasing food or services through the platform. Typically associated with order history and loyalty programs.,100920,,,Chicago,United States,,,,60609,Illinois,476 Eliot Parkway,,,,,,,,St. Quintin Household - 100920,,,005Ws000003miUrIAI,,,,3565018469,/services/images/photo/001Ws00003b5HOAIA2,,012Ws000000x75VIAQ,,,,,,,,,,,,,Customer Account,
001Ws00003b5HOBIA2,Represents individual customers or organizations purchasing food or services through the platform. Typically associated with order history and loyalty programs.,101092,,,Columbus,United States,,,,31998,Georgia,1 Bartelt Lane,,,,,,,,Forman Household - 101092,,,005Ws000003miUrIAI,,,,1374236053,/services/images/photo/001Ws00003b5HOBIA2,,012Ws000000x75VIAQ,,,,,,,,,,,,,Customer Account,
001Ws00003b5HOCIA2,Represents individual customers or organizations purchasing food or services through the platform. Typically associated with order history and loyalty programs.,101063,,,Jeffersonville,United States,,,,47134,Indiana,307 Blaine Way,,,,,,,,Tidbold Household - 101063,,,005Ws000003miUrIAI,,,,2891854176,/services/images/photo/001Ws00003b5HOCIA2,,012Ws000000x75VIAQ,,,,,,,,,,,,,Customer Account,
001Ws00003b5HODIA2,Represents individual customers or organizations purchasing food or services through the platform. Typically associated with order history and loyalty programs.,100602,,,Huntington,United States,,,,25709,West Virginia,8 Schlimgen Point,,,,,,,,Sommers Household - 100602,,,005Ws000003miUrIAI,,,,4437830845,/services/images/photo/001Ws00003b5HODIA2,,012Ws000000x75VIAQ,,,,,,,,,,,,,Customer Account,
001Ws00003b5HOEIA2,Represents individual customers or organizations purchasing food or services through the platform. Typically associated with order history and loyalty programs.,100962,,,Washington,United States,,,,20546,District of Columbia,4620 Namekagon Drive,,,,,,,,Chatelain Household - 100962,,,005Ws000003miUrIAI,,,,5188705332,/services/images/photo/001Ws00003b5HOEIA2,,012Ws000000x75VIAQ,,,,,,,,,,,,,Customer Account,
001Ws00003b5HOFIA2,Represents individual customers or organizations purchasing food or services through the platform. Typically associated with order history and loyalty programs.,100888,,,Shreveport,United States,,,,71151,Louisiana,6 Harbort Drive,,,,,,,,Maryet Household - 100888,,,005Ws000003miUrIAI,,,,3972872544,/services/images/photo/001Ws00003b5HOFIA2,,012Ws000000x75VIAQ,,,,,,,,,,,,,Customer Account,
001Ws00003b5HOGIA2,Represents individual customers or organizations purchasing food or services through the platform. Typically associated with order history and loyalty programs.,100516,,,Washington,United States,,,,20404,District of Columbia,8 Chinook Way,,,,,,,,Kristof Household - 100516,,,005Ws000003miUrIAI,,,,2656387519,/services/images/photo/001Ws00003b5HOGIA2,,012Ws000000x75VIAQ,,,,,,,,,,,,,Customer Account,
001Ws00003b5HOHIA2,Represents individual customers or organizations purchasing food or services through the platform. Typically associated with order history and loyalty programs.,100513,,,Macon,United States,,,,31205,Georgia,6717 Alpine Drive,,,,,,,,Gallardo Household - 100513,,,005Ws000003miUrIAI,,,,2638484740,/services/images/photo/001Ws00003b5HOHIA2,,012Ws000000x75VIAQ,,,,,,,,,,,,,Customer Account,
001Ws00003b5HOIIA2,Represents individual customers or organizations purchasing food or services through the platform. Typically associated with order history and loyalty programs.,100673,,,San Antonio,United States,,,,78215,Texas,37007 Mitchell Court,,,,,,,,Hayler Household - 100673,,,005Ws000003miUrIAI,,,,5767275739,/services/images/photo/001Ws00003b5HOIIA2,,012Ws000000x75VIAQ,,,,,,,,,,,,,Customer Account,
001Ws00003b5HOJIA2,Represents individual customers or organizations purchasing food or services through the platform. Typically associated with order history and loyalty programs.,100861,,,Rochester,United States,,,,14683,New York,0 3rd Park,,,,,,,,Castlake Household - 100861,,,005Ws000003miUrIAI,,,,9395059908,/services/images/photo/001Ws00003b5HOJIA2,,012Ws000000x75VIAQ,,,,,,,,,,,,,Customer Account,
001Ws00003b5HOKIA2,Represents individual customers or organizations purchasing food or services through the platform. Typically associated with order history and loyalty programs.,101069,,,Greenville,United States,,,,29605,South Carolina,2 Lukken Drive,,,,,,,,Zoephel Household - 101069,,,005Ws000003miUrIAI,,,,2905211476,/services/images/photo/001Ws00003b5HOKIA2,,012Ws000000x75VIAQ,,,,,,,,,,,,,Customer Account,
001Ws00003b5HOLIA2,Represents individual customers or organizations purchasing food or services through the platform. Typically associated with order history and loyalty programs.,100740,,,Charleston,United States,,,,25336,West Virginia,9 Pleasure Alley,,,,,,,,Heart Household - 100740,,,005Ws000003miUrIAI,,,,7606880554,/services/images/photo/001Ws00003b5HOLIA2,,012Ws000000x75VIAQ,,,,,,,,,,,,,Customer Account,
001Ws00003b5HOMIA2,Represents individual customers or organizations purchasing food or services through the platform. Typically associated with order history and loyalty programs.,100926,,,Saint Louis,United States,,,,63180,Missouri,7510 Algoma Avenue,,,,,,,,Housaman Household - 100926,,,005Ws000003miUrIAI,,,,2259223129,/services/images/photo/001Ws00003b5HOMIA2,,012Ws000000x75VIAQ,,,,,,,,,,,,,Customer Account,
001Ws00003b5HONIA2,Represents individual customers or organizations purchasing food or services through the platform. Typically associated with order history and loyalty programs.,100933,,,Cincinnati,United States,,,,45249,Ohio,8422 Mockingbird Hill,,,,,,,,A'Barrow Household - 100933,,,005Ws000003miUrIAI,,,,6739183558,/services/images/photo/001Ws00003b5HONIA2,,012Ws000000x75VIAQ,,,,,,,,,,,,,Customer Account,
001Ws00003b5HOOIA2,Represents individual customers or organizations purchasing food or services through the platform. Typically associated with order history and loyalty programs.,100510,,,Denver,United States,,,,80291,Colorado,4708 Lillian Plaza,,,,,,,,Marley Household - 100510,,,005Ws000003miUrIAI,,,,9419149003,/services/images/photo/001Ws00003b5HOOIA2,,012Ws000000x75VIAQ,,,,,,,,,,,,,Customer Account,
001Ws00003b5HOPIA2,Represents individual customers or organizations purchasing food or services through the platform. Typically associated with order history and loyalty programs.,100862,,,Richmond,United States,,,,23285,Virginia,2 Pearson Court,,,,,,,,Trathen Household - 100862,,,005Ws000003miUrIAI,,,,8575095111,/services/images/photo/001Ws00003b5HOPIA2,,012Ws000000x75VIAQ,,,,,,,,,,,,,Customer Account,
001Ws00003b5HOQIA2,Represents individual customers or organizations purchasing food or services through the platform. Typically associated with order history and loyalty programs.,100741,,,Hyattsville,United States,,,,20784,Maryland,4328 Crowley Parkway,,,,,,,,Bassindale Household - 100741,,,005Ws000003miUrIAI,,,,9406213452,/services/images/photo/001Ws00003b5HOQIA2,,012Ws000000x75VIAQ,,,,,,,,,,,,,Customer Account,
001Ws00003b5HORIA2,Represents individual customers or organizations purchasing food or services through the platform. Typically associated with order history and loyalty programs.,100814,,,Washington,United States,,,,20535,District of Columbia,752 Laurel Way,,,,,,,,Skupinski Household - 100814,,,005Ws000003miUrIAI,,,,5158452321,/services/images/photo/001Ws00003b5HORIA2,,012Ws000000x75VIAQ,,,,,,,,,,,,,Customer Account,
001Ws00003b5HOSIA2,Represents individual customers or organizations purchasing food or services through the platform. Typically associated with order history and loyalty programs.,100875,,,Houston,United States,,,,77299,Texas,77006 Raven Point,,,,,,,,Antrag Household - 100875,,,005Ws000003miUrIAI,,,,6166083738,/services/images/photo/001Ws00003b5HOSIA2,,012Ws000000x75VIAQ,,,,,,,,,,,,,Customer Account,
001Ws00003b5HOTIA2,Represents individual customers or organizations purchasing food or services through the platform. Typically associated with order history and loyalty programs.,100678,,,Washington,United States,,,,20210,District of Columbia,43 Anhalt Center,,,,,,,,Downe Household - 100678,,,005Ws000003miUrIAI,,,,6957168010,/services/images/photo/001Ws00003b5HOTIA2,,012Ws000000x75VIAQ,,,,,,,,,,,,,Customer Account,
001Ws00003b5HOUIA2,Represents individual customers or organizations purchasing food or services through the platform. Typically associated with order history and loyalty programs.,100512,,,New York City,United States,,,,10009,New York,0964 Meadow Ridge Plaza,,,,,,,,Briant Household - 100512,,,005Ws000003miUrIAI,,,,1654042321,/services/images/photo/001Ws00003b5HOUIA2,,012Ws000000x75VIAQ,,,,,,,,,,,,,Customer Account,
001Ws00003b5HOVIA2,Represents individual customers or organizations purchasing food or services through the platform. Typically associated with order history and loyalty programs.,100705,,,Austin,United States,,,,78715,Texas,31887 Sycamore Street,,,,,,,,Sidden Household - 100705,,,005Ws000003miUrIAI,,,,7967724982,/services/images/photo/001Ws00003b5HOVIA2,,012Ws000000x75VIAQ,,,,,,,,,,,,,Customer Account,
001Ws00003b5HOWIA2,Represents individual customers or organizations purchasing food or services through the platform. Typically associated with order history and loyalty programs.,100828,,,Warren,United States,,,,44485,Ohio,046 Elka Circle,,,,,,,,Silcox Household - 100828,,,005Ws000003miUrIAI,,,,8835378267,/services/images/photo/001Ws00003b5HOWIA2,,012Ws000000x75VIAQ,,,,,,,,,,,,,Customer Account,
001Ws00003b5HOXIA2,Represents individual customers or organizations purchasing food or services through the platform. Typically associated with order history and loyalty programs.,101096,,,Joliet,United States,,,,60435,Illinois,848 Maywood Alley,,,,,,,,MacIntyre Household - 101096,,,005Ws000003miUrIAI,,,,1412280183,/services/images/photo/001Ws00003b5HOXIA2,,012Ws000000x75VIAQ,,,,,,,,,,,,,Customer Account,
001Ws00003b5HOYIA2,Represents individual customers or organizations purchasing food or services through the platform. Typically associated with order history and loyalty programs.,100557,,,Tucson,United States,,,,85754,Arizona,49676 5th Center,,,,,,,,Hargess Household - 100557,,,005Ws000003miUrIAI,,,,1265415018,/services/images/photo/001Ws00003b5HOYIA2,,012Ws000000x75VIAQ,,,,,,,,,,,,,Customer Account,
001Ws00003b5HOZIA2,Represents individual customers or organizations purchasing food or services through the platform. Typically associated with order history and loyalty programs.,100505,,,Colorado Springs,United States,,,,80945,Colorado,30 Knutson Road,,,,,,,,Batrick Household - 100505,,,005Ws000003miUrIAI,,,,2489420989,/services/images/photo/001Ws00003b5HOZIA2,,012Ws000000x75VIAQ,,,,,,,,,,,,,Customer Account,
001Ws00003b5HOaIAM,Represents individual customers or organizations purchasing food or services through the platform. Typically associated with order history and loyalty programs.,100694,,,Atlanta,United States,,,,31136,Georgia,518 Eliot Alley,,,,,,,,Redmille Household - 100694,,,005Ws000003miUrIAI,,,,8439159445,/services/images/photo/001Ws00003b5HOaIAM,,012Ws000000x75VIAQ,,,,,,,,,,,,,Customer Account,
001Ws00003b5HObIAM,Represents individual customers or organizations purchasing food or services through the platform. Typically associated with order history and loyalty programs.,100604,,,Washington,United States,,,,20022,District of Columbia,0 Linden Court,,,,,,,,Winders Household - 100604,,,005Ws000003miUrIAI,,,,9388692783,/services/images/photo/001Ws00003b5HObIAM,,012Ws000000x75VIAQ,,,,,,,,,,,,,Customer Account,
001Ws00003b5HOcIAM,Represents individual customers or organizations purchasing food or services through the platform. Typically associated with order history and loyalty programs.,100701,,,Fresno,United States,,,,93762,California,42 Packers Park,,,,,,,,More Household - 100701,,,005Ws000003miUrIAI,,,,8165076593,/services/images/photo/001Ws00003b5HOcIAM,,012Ws000000x75VIAQ,,,,,,,,,,,,,Customer Account,
001Ws00003b5HOdIAM,Represents individual customers or organizations purchasing food or services through the platform. Typically associated with order history and loyalty programs.,101028,,,Toledo,United States,,,,43615,Ohio,252 Hansons Avenue,,,,,,,,Pantry Household - 101028,,,005Ws000003miUrIAI,,,,2451571118,/services/images/photo/001Ws00003b5HOdIAM,,012Ws000000x75VIAQ,,,,,,,,,,,,,Customer Account,
001Ws00003b5HOeIAM,Represents individual customers or organizations purchasing food or services through the platform. Typically associated with order history and loyalty programs.,100664,,,Memphis,United States,,,,38126,Tennessee,7796 Claremont Circle,,,,,,,,Yeliashev Household - 100664,,,005Ws000003miUrIAI,,,,4963928358,/services/images/photo/001Ws00003b5HOeIAM,,012Ws000000x75VIAQ,,,,,,,,,,,,,Customer Account,
001Ws00003b5HOfIAM,Represents individual customers or organizations purchasing food or services through the platform. Typically associated with order history and loyalty programs.,100850,,,Hollywood,United States,,,,33023,Florida,8 Main Drive,,,,,,,,Vinnicombe Household - 100850,,,005Ws000003miUrIAI,,,,5587025058,/services/images/photo/001Ws00003b5HOfIAM,,012Ws000000x75VIAQ,,,,,,,,,,,,,Customer Account,
001Ws00003b5HOgIAM,Represents individual customers or organizations purchasing food or services through the platform. Typically associated with order history and loyalty programs.,101044,,,Midland,United States,,,,79705,Texas,61663 Doe Crossing Court,,,,,,,,Elix Household - 101044,,,005Ws000003miUrIAI,,,,9298115920,/services/images/photo/001Ws00003b5HOgIAM,,012Ws000000x75VIAQ,,,,,,,,,,,,,Customer Account,
001Ws00003b5HOhIAM,Represents individual customers or organizations purchasing food or services through the platform. Typically associated with order history and loyalty programs.,100817,,,Colorado Springs,United States,,,,80920,Colorado,02744 Cherokee Center,,,,,,,,Jillings Household - 100817,,,005Ws000003miUrIAI,,,,8285511114,/services/images/photo/001Ws00003b5HOhIAM,,012Ws000000x75VIAQ,,,,,,,,,,,,,Customer Account,
001Ws00003b5HOiIAM,Represents individual customers or organizations purchasing food or services through the platform. Typically associated with order history and loyalty programs.,100986,,,Pittsburgh,United States,,,,15266,Pennsylvania,8308 Pearson Pass,,,,,,,,Ozintsev Household - 100986,,,005Ws000003miUrIAI,,,,5556395992,/services/images/photo/001Ws00003b5HOiIAM,,012Ws000000x75VIAQ,,,,,,,,,,,,,Customer Account,
001Ws00003b5HOjIAM,Represents individual customers or organizations purchasing food or services through the platform. Typically associated with order history and loyalty programs.,100656,,,Winston Salem,United States,,,,27150,North Carolina,42 6th Road,,,,,,,,Kondratenya Household - 100656,,,005Ws000003miUrIAI,,,,9554136042,/services/images/photo/001Ws00003b5HOjIAM,,012Ws000000x75VIAQ,,,,,,,,,,,,,Customer Account,
001Ws00003b5HOkIAM,Represents individual customers or organizations purchasing food or services through the platform. Typically associated with order history and loyalty programs.,100865,,,Miami,United States,,,,33129,Florida,44388 Tennyson Crossing,,,,,,,,Flooks Household - 100865,,,005Ws000003miUrIAI,,,,2373907975,/services/images/photo/001Ws00003b5HOkIAM,,012Ws000000x75VIAQ,,,,,,,,,,,,,Customer Account,
001Ws00003b5HOlIAM,Represents individual customers or organizations purchasing food or services through the platform. Typically associated with order history and loyalty programs.,101065,,,Roanoke,United States,,,,24048,Virginia,74088 Myrtle Alley,,,,,,,,Hugonin Household - 101065,,,005Ws000003miUrIAI,,,,5939119108,/services/images/photo/001Ws00003b5HOlIAM,,012Ws000000x75VIAQ,,,,,,,,,,,,,Customer Account,
001Ws00003b5HOmIAM,Represents individual customers or organizations purchasing food or services through the platform. Typically associated with order history and loyalty programs.,100844,,,Rochester,United States,,,,14614,New York,7 Warrior Street,,,,,,,,Macquire Household - 100844,,,005Ws000003miUrIAI,,,,5235657753,/services/images/photo/001Ws00003b5HOmIAM,,012Ws000000x75VIAQ,,,,,,,,,,,,,Customer Account,
001Ws00003b5HOnIAM,Represents individual customers or organizations purchasing food or services through the platform. Typically associated with order history and loyalty programs.,100545,,,Brooklyn,United States,,,,11205,New York,59737 Redwing Lane,,,,,,,,Minard Household - 100545,,,005Ws000003miUrIAI,,,,8144983553,/services/images/photo/001Ws00003b5HOnIAM,,012Ws000000x75VIAQ,,,,,,,,,,,,,Customer Account,
001Ws00003b5HOoIAM,Represents individual customers or organizations purchasing food or services through the platform. Typically associated with order history and loyalty programs.,100827,,,Fullerton,United States,,,,92640,California,03 Bayside Street,,,,,,,,Weddell Household - 100827,,,005Ws000003miUrIAI,,,,5692143194,/services/images/photo/001Ws00003b5HOoIAM,,012Ws000000x75VIAQ,,,,,,,,,,,,,Customer Account,
001Ws00003b5HOpIAM,Represents individual customers or organizations purchasing food or services through the platform. Typically associated with order history and loyalty programs.,100830,,,Naples,United States,,,,34108,Florida,763 Warrior Hill,,,,,,,,Cuolahan Household - 100830,,,005Ws000003miUrIAI,,,,7263600723,/services/images/photo/001Ws00003b5HOpIAM,,012Ws000000x75VIAQ,,,,,,,,,,,,,Customer Account,
001Ws00003b5HOqIAM,Represents individual customers or organizations purchasing food or services through the platform. Typically associated with order history and loyalty programs.,100629,,,Kansas City,United States,,,,64136,Missouri,077 Spaight Lane,,,,,,,,Balwin Household - 100629,,,005Ws000003miUrIAI,,,,6374051944,/services/images/photo/001Ws00003b5HOqIAM,,012Ws000000x75VIAQ,,,,,,,,,,,,,Customer Account,
001Ws00003b5HOrIAM,Represents individual customers or organizations purchasing food or services through the platform. Typically associated with order history and loyalty programs.,100806,,,Chattanooga,United States,,,,37410,Tennessee,74 Village Terrace,,,,,,,,Buckthorpe Household - 100806,,,005Ws000003miUrIAI,,,,7398852695,/services/images/photo/001Ws00003b5HOrIAM,,012Ws000000x75VIAQ,,,,,,,,,,,,,Customer Account,
001Ws00003b5HOsIAM,Represents individual customers or organizations purchasing food or services through the platform. Typically associated with order history and loyalty programs.,101061,,,Alexandria,United States,,,,22313,Virginia,9 Buell Hill,,,,,,,,Brumble Household - 101061,,,005Ws000003miUrIAI,,,,7825809061,/services/images/photo/001Ws00003b5HOsIAM,,012Ws000000x75VIAQ,,,,,,,,,,,,,Customer Account,
001Ws00003b5HOtIAM,Represents individual customers or organizations purchasing food or services through the platform. Typically associated with order history and loyalty programs.,100993,,,Washington,United States,,,,20051,District of Columbia,3 Claremont Plaza,,,,,,,,Gommery Household - 100993,,,005Ws000003miUrIAI,,,,1626292364,/services/images/photo/001Ws00003b5HOtIAM,,012Ws000000x75VIAQ,,,,,,,,,,,,,Customer Account,
001Ws00003b5HOuIAM,Represents individual customers or organizations purchasing food or services through the platform. Typically associated with order history and loyalty programs.,100763,,,Charleston,United States,,,,25331,West Virginia,2025 Marcy Junction,,,,,,,,Fosberry Household - 100763,,,005Ws000003miUrIAI,,,,9176477334,/services/images/photo/001Ws00003b5HOuIAM,,012Ws000000x75VIAQ,,,,,,,,,,,,,Customer Account,
001Ws00003b5HOvIAM,Represents individual customers or organizations purchasing food or services through the platform. Typically associated with order history and loyalty programs.,101042,,,San Diego,United States,,,,92105,California,868 Portage Alley,,,,,,,,Taunton Household - 101042,,,005Ws000003miUrIAI,,,,4066400505,/services/images/photo/001Ws00003b5HOvIAM,,012Ws000000x75VIAQ,,,,,,,,,,,,,Customer Account,
001Ws00003b5HOwIAM,Represents individual customers or organizations purchasing food or services through the platform. Typically associated with order history and loyalty programs.,101048,,,Jackson,United States,,,,39204,Mississippi,1138 East Place,,,,,,,,Joisce Household - 101048,,,005Ws000003miUrIAI,,,,4038409335,/services/images/photo/001Ws00003b5HOwIAM,,012Ws000000x75VIAQ,,,,,,,,,,,,,Customer Account,
001Ws00003b5HOxIAM,Represents individual customers or organizations purchasing food or services through the platform. Typically associated with order history and loyalty programs.,100723,,,Hyattsville,United States,,,,20784,Maryland,5 Cordelia Point,,,,,,,,Uc Household - 100723,,,005Ws000003miUrIAI,,,,7265478521,/services/images/photo/001Ws00003b5HOxIAM,,012Ws000000x75VIAQ,,,,,,,,,,,,,Customer Account,
001Ws00003b5HOyIAM,Represents individual customers or organizations purchasing food or services through the platform. Typically associated with order history and loyalty programs.,100850,,,Honolulu,United States,,,,96850,Hawaii,7 Lake View Terrace,,,,,,,,Learmond Household - 100850,,,005Ws000003miUrIAI,,,,2105384808,/services/images/photo/001Ws00003b5HOyIAM,,012Ws000000x75VIAQ,,,,,,,,,,,,,Customer Account,
001Ws00003b5HOzIAM,Represents individual customers or organizations purchasing food or services through the platform. Typically associated with order history and loyalty programs.,100777,,,Shawnee Mission,United States,,,,66225,Kansas,608 Sloan Avenue,,,,,,,,Wyllt Household - 100777,,,005Ws000003miUrIAI,,,,6118660737,/services/images/photo/001Ws00003b5HOzIAM,,012Ws000000x75VIAQ,,,,,,,,,,,,,Customer Account,
001Ws00003b5HP0IAM,Represents individual customers or organizations purchasing food or services through the platform. Typically associated with order history and loyalty programs.,101001,,,South Bend,United States,,,,46620,Indiana,2 Myrtle Place,,,,,,,,Olligan Household - 101001,,,005Ws000003miUrIAI,,,,2974022361,/services/images/photo/001Ws00003b5HP0IAM,,012Ws000000x75VIAQ,,,,,,,,,,,,,Customer Account,
001Ws00003b5HP1IAM,Represents individual customers or organizations purchasing food or services through the platform. Typically associated with order history and loyalty programs.,100517,,,Fort Pierce,United States,,,,34981,Florida,18 Fisk Pass,,,,,,,,Olenchikov Household - 100517,,,005Ws000003miUrIAI,,,,2748405149,/services/images/photo/001Ws00003b5HP1IAM,,012Ws000000x75VIAQ,,,,,,,,,,,,,Customer Account,
001Ws00003b5HP2IAM,Represents individual customers or organizations purchasing food or services through the platform. Typically associated with order history and loyalty programs.,100723,,,Charleston,United States,,,,25362,West Virginia,82708 Elka Plaza,,,,,,,,Clappson Household - 100723,,,005Ws000003miUrIAI,,,,5769785538,/services/images/photo/001Ws00003b5HP2IAM,,012Ws000000x75VIAQ,,,,,,,,,,,,,Customer Account,
001Ws00003b5HP3IAM,Represents individual customers or organizations purchasing food or services through the platform. Typically associated with order history and loyalty programs.,101005,,,Los Angeles,United States,,,,90071,California,0 Bay Way,,,,,,,,Shooter Household - 101005,,,005Ws000003miUrIAI,,,,7881457144,/services/images/photo/001Ws00003b5HP3IAM,,012Ws000000x75VIAQ,,,,,,,,,,,,,Customer Account,
001Ws00003b5HP4IAM,Represents individual customers or organizations purchasing food or services through the platform. Typically associated with order history and loyalty programs.,100933,,,Baltimore,United States,,,,21216,Maryland,99029 Prairieview Road,,,,,,,,Cheson Household - 100933,,,005Ws000003miUrIAI,,,,7168259339,/services/images/photo/001Ws00003b5HP4IAM,,012Ws000000x75VIAQ,,,,,,,,,,,,,Customer Account,
001Ws00003b5HP5IAM,Represents individual customers or organizations purchasing food or services through the platform. Typically associated with order history and loyalty programs.,100768,,,Durham,United States,,,,27717,North Carolina,7275 Packers Point,,,,,,,,Braam Household - 100768,,,005Ws000003miUrIAI,,,,2492258614,/services/images/photo/001Ws00003b5HP5IAM,,012Ws000000x75VIAQ,,,,,,,,,,,,,Customer Account,
001Ws00003b5HP6IAM,Represents individual customers or organizations purchasing food or services through the platform. Typically associated with order history and loyalty programs.,100499,,,Minneapolis,United States,,,,55441,Minnesota,2 Almo Crossing,,,,,,,,Hewell Household - 100499,,,005Ws000003miUrIAI,,,,3525898792,/services/images/photo/001Ws00003b5HP6IAM,,012Ws000000x75VIAQ,,,,,,,,,,,,,Customer Account,
001Ws00003b5HP7IAM,Represents individual customers or organizations purchasing food or services through the platform. Typically associated with order history and loyalty programs.,100635,,,Jefferson City,United States,,,,65105,Missouri,348 Raven Alley,,,,,,,,Liveing Household - 100635,,,005Ws000003miUrIAI,,,,8188822028,/services/images/photo/001Ws00003b5HP7IAM,,012Ws000000x75VIAQ,,,,,,,,,,,,,Customer Account,
001Ws00003b5HP8IAM,Represents individual customers or organizations purchasing food or services through the platform. Typically associated with order history and loyalty programs.,100937,,,Columbus,United States,,,,43215,Ohio,78 Brown Center,,,,,,,,Marriott Household - 100937,,,005Ws000003miUrIAI,,,,9237255733,/services/images/photo/001Ws00003b5HP8IAM,,012Ws000000x75VIAQ,,,,,,,,,,,,,Customer Account,
001Ws00003b5HP9IAM,Represents individual customers or organizations purchasing food or services through the platform. Typically associated with order history and loyalty programs.,101006,,,Mobile,United States,,,,36641,Alabama,38758 Golden Leaf Drive,,,,,,,,Olivetti Household - 101006,,,005Ws000003miUrIAI,,,,2163956483,/services/images/photo/001Ws00003b5HP9IAM,,012Ws000000x75VIAQ,,,,,,,,,,,,,Customer Account,
001Ws00003b5HPAIA2,Represents individual customers or organizations purchasing food or services through the platform. Typically associated with order history and loyalty programs.,100768,,,Chattanooga,United States,,,,37410,Tennessee,2665 Stang Terrace,,,,,,,,McDonough Household - 100768,,,005Ws000003miUrIAI,,,,3561610758,/services/images/photo/001Ws00003b5HPAIA2,,012Ws000000x75VIAQ,,,,,,,,,,,,,Customer Account,
001Ws00003b5HPBIA2,Represents individual customers or organizations purchasing food or services through the platform. Typically associated with order history and loyalty programs.,100755,,,Indianapolis,United States,,,,46295,Indiana,5 Larry Center,,,,,,,,Ferney Household - 100755,,,005Ws000003miUrIAI,,,,1708541888,/services/images/photo/001Ws00003b5HPBIA2,,012Ws000000x75VIAQ,,,,,,,,,,,,,Customer Account,
001Ws00003b5HPCIA2,Represents individual customers or organizations purchasing food or services through the platform. Typically associated with order history and loyalty programs.,100584,,,Pensacola,United States,,,,32590,Florida,0 Redwing Point,,,,,,,,Fussey Household - 100584,,,005Ws000003miUrIAI,,,,2206350944,/services/images/photo/001Ws00003b5HPCIA2,,012Ws000000x75VIAQ,,,,,,,,,,,,,Customer Account,
001Ws00003b5HPDIA2,Represents individual customers or organizations purchasing food or services through the platform. Typically associated with order history and loyalty programs.,100906,,,Salt Lake City,United States,,,,84170,Utah,77 Rowland Street,,,,,,,,Shergill Household - 100906,,,005Ws000003miUrIAI,,,,6592113885,/services/images/photo/001Ws00003b5HPDIA2,,012Ws000000x75VIAQ,,,,,,,,,,,,,Customer Account,
001Ws00003b5HPEIA2,Represents individual customers or organizations purchasing food or services through the platform. Typically associated with order history and loyalty programs.,100932,,,El Paso,United States,,,,79934,Texas,526 Arkansas Trail,,,,,,,,Iuorio Household - 100932,,,005Ws000003miUrIAI,,,,3704944639,/services/images/photo/001Ws00003b5HPEIA2,,012Ws000000x75VIAQ,,,,,,,,,,,,,Customer Account,
001Ws00003b5HPFIA2,Represents individual customers or organizations purchasing food or services through the platform. Typically associated with order history and loyalty programs.,100905,,,Chattanooga,United States,,,,37410,Tennessee,54 Division Circle,,,,,,,,Klaussen Household - 100905,,,005Ws000003miUrIAI,,,,2178580144,/services/images/photo/001Ws00003b5HPFIA2,,012Ws000000x75VIAQ,,,,,,,,,,,,,Customer Account,
001Ws00003b5HPGIA2,Represents individual customers or organizations purchasing food or services through the platform. Typically associated with order history and loyalty programs.,100759,,,Omaha,United States,,,,68164,Nebraska,7094 Tennessee Circle,,,,,,,,Decroix Household - 100759,,,005Ws000003miUrIAI,,,,8279280724,/services/images/photo/001Ws00003b5HPGIA2,,012Ws000000x75VIAQ,,,,,,,,,,,,,Customer Account,
001Ws00003b5HPHIA2,Represents individual customers or organizations purchasing food or services through the platform. Typically associated with order history and loyalty programs.,100779,,,New York City,United States,,,,10175,New York,1 Green Junction,,,,,,,,Lieber Household - 100779,,,005Ws000003miUrIAI,,,,1249140518,/services/images/photo/001Ws00003b5HPHIA2,,012Ws000000x75VIAQ,,,,,,,,,,,,,Customer Account,
001Ws00003b5HPIIA2,Represents individual customers or organizations purchasing food or services through the platform. Typically associated with order history and loyalty programs.,100969,,,Washington,United States,,,,20380,District of Columbia,9 Oak Park,,,,,,,,Jansky Household - 100969,,,005Ws000003miUrIAI,,,,2981469530,/services/images/photo/001Ws00003b5HPIIA2,,012Ws000000x75VIAQ,,,,,,,,,,,,,Customer Account,
001Ws00003b5HPJIA2,Represents individual customers or organizations purchasing food or services through the platform. Typically associated with order history and loyalty programs.,100690,,,Cincinnati,United States,,,,45249,Ohio,3 Buena Vista Point,,,,,,,,Emmerson Household - 100690,,,005Ws000003miUrIAI,,,,5345797684,/services/images/photo/001Ws00003b5HPJIA2,,012Ws000000x75VIAQ,,,,,,,,,,,,,Customer Account,
001Ws00003b5HPKIA2,Represents individual customers or organizations purchasing food or services through the platform. Typically associated with order history and loyalty programs.,100888,,,Louisville,United States,,,,40298,Kentucky,968 Algoma Pass,,,,,,,,Strahan Household - 100888,,,005Ws000003miUrIAI,,,,4057269332,/services/images/photo/001Ws00003b5HPKIA2,,012Ws000000x75VIAQ,,,,,,,,,,,,,Customer Account,
001Ws00003b5HPLIA2,Represents individual customers or organizations purchasing food or services through the platform. Typically associated with order history and loyalty programs.,101050,,,New York City,United States,,,,10060,New York,7 Colorado Crossing,,,,,,,,Bellerby Household - 101050,,,005Ws000003miUrIAI,,,,8148052454,/services/images/photo/001Ws00003b5HPLIA2,,012Ws000000x75VIAQ,,,,,,,,,,,,,Customer Account,
001Ws00003b5HPMIA2,Represents individual customers or organizations purchasing food or services through the platform. Typically associated with order history and loyalty programs.,101029,,,Anniston,United States,,,,36205,Alabama,84 Oakridge Drive,,,,,,,,Dowsing Household - 101029,,,005Ws000003miUrIAI,,,,4105174426,/services/images/photo/001Ws00003b5HPMIA2,,012Ws000000x75VIAQ,,,,,,,,,,,,,Customer Account,
001Ws00003b5HPNIA2,Represents individual customers or organizations purchasing food or services through the platform. Typically associated with order history and loyalty programs.,101100,,,Salt Lake City,United States,,,,84105,Utah,770 Longview Hill,,,,,,,,Antliff Household - 101100,,,005Ws000003miUrIAI,,,,1222664575,/services/images/photo/001Ws00003b5HPNIA2,,012Ws000000x75VIAQ,,,,,,,,,,,,,Customer Account,
001Ws00003b5HPOIA2,Represents individual customers or organizations purchasing food or services through the platform. Typically associated with order history and loyalty programs.,101095,,,Dallas,United States,,,,75210,Texas,2 Moland Terrace,,,,,,,,Mouton Household - 101095,,,005Ws000003miUrIAI,,,,7994003499,/services/images/photo/001Ws00003b5HPOIA2,,012Ws000000x75VIAQ,,,,,,,,,,,,,Customer Account,
001Ws00003b5HPPIA2,Represents individual customers or organizations purchasing food or services through the platform. Typically associated with order history and loyalty programs.,100930,,,Milwaukee,United States,,,,53277,Wisconsin,5692 Miller Pass,,,,,,,,Devereux Household - 100930,,,005Ws000003miUrIAI,,,,1654379457,/services/images/photo/001Ws00003b5HPPIA2,,012Ws000000x75VIAQ,,,,,,,,,,,,,Customer Account,
001Ws00003b5HPQIA2,Represents individual customers or organizations purchasing food or services through the platform. Typically associated with order history and loyalty programs.,100588,,,Memphis,United States,,,,38150,Tennessee,8493 Homewood Court,,,,,,,,Kohnert Household - 100588,,,005Ws000003miUrIAI,,,,3253022631,/services/images/photo/001Ws00003b5HPQIA2,,012Ws000000x75VIAQ,,,,,,,,,,,,,Customer Account,
001Ws00003b5HPRIA2,Represents individual customers or organizations purchasing food or services through the platform. Typically associated with order history and loyalty programs.,101023,,,El Paso,United States,,,,88574,Texas,91 Dixon Street,,,,,,,,Thatcham Household - 101023,,,005Ws000003miUrIAI,,,,2147801186,/services/images/photo/001Ws00003b5HPRIA2,,012Ws000000x75VIAQ,,,,,,,,,,,,,Customer Account,
001Ws00003b5HPSIA2,Represents individual customers or organizations purchasing food or services through the platform. Typically associated with order history and loyalty programs.,101045,,,Los Angeles,United States,,,,90189,California,54 Moulton Court,,,,,,,,Greiser Household - 101045,,,005Ws000003miUrIAI,,,,1087782403,/services/images/photo/001Ws00003b5HPSIA2,,012Ws000000x75VIAQ,,,,,,,,,,,,,Customer Account,
001Ws00003b5HPTIA2,Represents individual customers or organizations purchasing food or services through the platform. Typically associated with order history and loyalty programs.,100547,,,West Hartford,United States,,,,6127,Connecticut,8 Buhler Park,,,,,,,,Openshaw Household - 100547,,,005Ws000003miUrIAI,,,,3146290789,/services/images/photo/001Ws00003b5HPTIA2,,012Ws000000x75VIAQ,,,,,,,,,,,,,Customer Account,
001Ws00003b5HPUIA2,Represents individual customers or organizations purchasing food or services through the platform. Typically associated with order history and loyalty programs.,100624,,,New Orleans,United States,,,,70187,Louisiana,33 Fulton Crossing,,,,,,,,Summerly Household - 100624,,,005Ws000003miUrIAI,,,,9291344264,/services/images/photo/001Ws00003b5HPUIA2,,012Ws000000x75VIAQ,,,,,,,,,,,,,Customer Account,
001Ws00003b5HPVIA2,Represents individual customers or organizations purchasing food or services through the platform. Typically associated with order history and loyalty programs.,100568,,,Richmond,United States,,,,23242,Virginia,93 Haas Junction,,,,,,,,Hargroves Household - 100568,,,005Ws000003miUrIAI,,,,6948753353,/services/images/photo/001Ws00003b5HPVIA2,,012Ws000000x75VIAQ,,,,,,,,,,,,,Customer Account,
001Ws00003b5HPWIA2,Represents individual customers or organizations purchasing food or services through the platform. Typically associated with order history and loyalty programs.,100923,,,Brooklyn,United States,,,,11254,New York,7 Oakridge Drive,,,,,,,,Collopy Household - 100923,,,005Ws000003miUrIAI,,,,6281910408,/services/images/photo/001Ws00003b5HPWIA2,,012Ws000000x75VIAQ,,,,,,,,,,,,,Customer Account,
001Ws00003b5HPXIA2,Represents individual customers or organizations purchasing food or services through the platform. Typically associated with order history and loyalty programs.,100674,,,Richmond,United States,,,,23277,Virginia,29 Westridge Terrace,,,,,,,,Wringe Household - 100674,,,005Ws000003miUrIAI,,,,3052310418,/services/images/photo/001Ws00003b5HPXIA2,,012Ws000000x75VIAQ,,,,,,,,,,,,,Customer Account,
001Ws00003b5HPYIA2,Represents individual customers or organizations purchasing food or services through the platform. Typically associated with order history and loyalty programs.,100513,,,Lubbock,United States,,,,79405,Texas,1 Independence Avenue,,,,,,,,Prestney Household - 100513,,,005Ws000003miUrIAI,,,,4808989340,/services/images/photo/001Ws00003b5HPYIA2,,012Ws000000x75VIAQ,,,,,,,,,,,,,Customer Account,
001Ws00003b5HPZIA2,Represents individual customers or organizations purchasing food or services through the platform. Typically associated with order history and loyalty programs.,100890,,,Louisville,United States,,,,40298,Kentucky,37 Clarendon Lane,,,,,,,,Grandison Household - 100890,,,005Ws000003miUrIAI,,,,4111045320,/services/images/photo/001Ws00003b5HPZIA2,,012Ws000000x75VIAQ,,,,,,,,,,,,,Customer Account,
001Ws00003b5HPaIAM,Represents individual customers or organizations purchasing food or services through the platform. Typically associated with order history and loyalty programs.,100769,,,Odessa,United States,,,,79764,Texas,9032 Hayes Plaza,,,,,,,,Tarply Household - 100769,,,005Ws000003miUrIAI,,,,1546246471,/services/images/photo/001Ws00003b5HPaIAM,,012Ws000000x75VIAQ,,,,,,,,,,,,,Customer Account,
001Ws00003b5HPbIAM,Represents individual customers or organizations purchasing food or services through the platform. Typically associated with order history and loyalty programs.,100982,,,Rockford,United States,,,,61105,Illinois,6 Logan Hill,,,,,,,,Manford Household - 100982,,,005Ws000003miUrIAI,,,,9054461100,/services/images/photo/001Ws00003b5HPbIAM,,012Ws000000x75VIAQ,,,,,,,,,,,,,Customer Account,
001Ws00003b5HPcIAM,Represents individual customers or organizations purchasing food or services through the platform. Typically associated with order history and loyalty programs.,100738,,,Jackson,United States,,,,39204,Mississippi,23 Buhler Crossing,,,,,,,,Lathaye Household - 100738,,,005Ws000003miUrIAI,,,,2978327346,/services/images/photo/001Ws00003b5HPcIAM,,012Ws000000x75VIAQ,,,,,,,,,,,,,Customer Account,
001Ws00003b5HPdIAM,Represents individual customers or organizations purchasing food or services through the platform. Typically associated with order history and loyalty programs.,100748,,,Washington,United States,,,,20226,District of Columbia,8724 Eagle Crest Center,,,,,,,,Kuschek Household - 100748,,,005Ws000003miUrIAI,,,,2824212389,/services/images/photo/001Ws00003b5HPdIAM,,012Ws000000x75VIAQ,,,,,,,,,,,,,Customer Account,
001Ws00003b5HPeIAM,Represents individual customers or organizations purchasing food or services through the platform. Typically associated with order history and loyalty programs.,101080,,,Toledo,United States,,,,43666,Ohio,581 Jenifer Lane,,,,,,,,Adan Household - 101080,,,005Ws000003miUrIAI,,,,8095925341,/services/images/photo/001Ws00003b5HPeIAM,,012Ws000000x75VIAQ,,,,,,,,,,,,,Customer Account,
001Ws00003b5HPfIAM,Represents individual customers or organizations purchasing food or services through the platform. Typically associated with order history and loyalty programs.,100890,,,Philadelphia,United States,,,,19146,Pennsylvania,8079 Manitowish Street,,,,,,,,Balsdone Household - 100890,,,005Ws000003miUrIAI,,,,9569715407,/services/images/photo/001Ws00003b5HPfIAM,,012Ws000000x75VIAQ,,,,,,,,,,,,,Customer Account,
001Ws00003b5HPgIAM,Represents individual customers or organizations purchasing food or services through the platform. Typically associated with order history and loyalty programs.,100635,,,Bradenton,United States,,,,34282,Florida,4 Ramsey Way,,,,,,,,Gullane Household - 100635,,,005Ws000003miUrIAI,,,,6246393046,/services/images/photo/001Ws00003b5HPgIAM,,012Ws000000x75VIAQ,,,,,,,,,,,,,Customer Account,
001Ws00003b5HPhIAM,Represents individual customers or organizations purchasing food or services through the platform. Typically associated with order history and loyalty programs.,100697,,,San Jose,United States,,,,95194,California,3 Ramsey Parkway,,,,,,,,Whalebelly Household - 100697,,,005Ws000003miUrIAI,,,,4192701415,/services/images/photo/001Ws00003b5HPhIAM,,012Ws000000x75VIAQ,,,,,,,,,,,,,Customer Account,
001Ws00003b5HPiIAM,Represents individual customers or organizations purchasing food or services through the platform. Typically associated with order history and loyalty programs.,100504,,,Washington,United States,,,,20575,District of Columbia,65 Vidon Drive,,,,,,,,Cunah Household - 100504,,,005Ws000003miUrIAI,,,,4614858048,/services/images/photo/001Ws00003b5HPiIAM,,012Ws000000x75VIAQ,,,,,,,,,,,,,Customer Account,
001Ws00003b5HPjIAM,Represents individual customers or organizations purchasing food or services through the platform. Typically associated with order history and loyalty programs.,100743,,,Las Vegas,United States,,,,89115,Nevada,6898 Superior Crossing,,,,,,,,Olin Household - 100743,,,005Ws000003miUrIAI,,,,2201822390,/services/images/photo/001Ws00003b5HPjIAM,,012Ws000000x75VIAQ,,,,,,,,,,,,,Customer Account,
001Ws00003b5HPkIAM,Represents individual customers or organizations purchasing food or services through the platform. Typically associated with order history and loyalty programs.,100973,,,Pittsburgh,United States,,,,15274,Pennsylvania,6671 Orin Way,,,,,,,,Healks Household - 100973,,,005Ws000003miUrIAI,,,,1135961143,/services/images/photo/001Ws00003b5HPkIAM,,012Ws000000x75VIAQ,,,,,,,,,,,,,Customer Account,
001Ws00003b5HPlIAM,Represents individual customers or organizations purchasing food or services through the platform. Typically associated with order history and loyalty programs.,100858,,,Minneapolis,United States,,,,55441,Minnesota,874 Mesta Avenue,,,,,,,,Necolds Household - 100858,,,005Ws000003miUrIAI,,,,3831867675,/services/images/photo/001Ws00003b5HPlIAM,,012Ws000000x75VIAQ,,,,,,,,,,,,,Customer Account,
001Ws00003b5HPmIAM,Represents individual customers or organizations purchasing food or services through the platform. Typically associated with order history and loyalty programs.,100504,,,Tucson,United States,,,,85743,Arizona,119 Saint Paul Junction,,,,,,,,Di Bernardo Household - 100504,,,005Ws000003miUrIAI,,,,3023518406,/services/images/photo/001Ws00003b5HPmIAM,,012Ws000000x75VIAQ,,,,,,,,,,,,,Customer Account,
001Ws00003b5HPnIAM,Represents individual customers or organizations purchasing food or services through the platform. Typically associated with order history and loyalty programs.,100748,,,Springfield,United States,,,,1105,Massachusetts,0 Northland Plaza,,,,,,,,Oldall Household - 100748,,,005Ws000003miUrIAI,,,,6542171294,/services/images/photo/001Ws00003b5HPnIAM,,012Ws000000x75VIAQ,,,,,,,,,,,,,Customer Account,
001Ws00003b5HPoIAM,Represents individual customers or organizations purchasing food or services through the platform. Typically associated with order history and loyalty programs.,100880,,,Racine,United States,,,,53405,Wisconsin,7669 Sunbrook Alley,,,,,,,,Pengilly Household - 100880,,,005Ws000003miUrIAI,,,,1981587699,/services/images/photo/001Ws00003b5HPoIAM,,012Ws000000x75VIAQ,,,,,,,,,,,,,Customer Account,
001Ws00003b5HPpIAM,Represents individual customers or organizations purchasing food or services through the platform. Typically associated with order history and loyalty programs.,100514,,,Waco,United States,,,,76705,Texas,95 Transport Parkway,,,,,,,,Ferras Household - 100514,,,005Ws000003miUrIAI,,,,5173503777,/services/images/photo/001Ws00003b5HPpIAM,,012Ws000000x75VIAQ,,,,,,,,,,,,,Customer Account,
001Ws00003b5HPqIAM,Represents individual customers or organizations purchasing food or services through the platform. Typically associated with order history and loyalty programs.,101009,,,Stamford,United States,,,,6912,Connecticut,1155 Sundown Court,,,,,,,,Goucher Household - 101009,,,005Ws000003miUrIAI,,,,1278020111,/services/images/photo/001Ws00003b5HPqIAM,,012Ws000000x75VIAQ,,,,,,,,,,,,,Customer Account,
001Ws00003b5HPrIAM,Represents individual customers or organizations purchasing food or services through the platform. Typically associated with order history and loyalty programs.,100489,,,Phoenix,United States,,,,85030,Arizona,0650 Mariners Cove Trail,,,,,,,,Cowburn Household - 100489,,,005Ws000003miUrIAI,,,,7209692059,/services/images/photo/001Ws00003b5HPrIAM,,012Ws000000x75VIAQ,,,,,,,,,,,,,Customer Account,
001Ws00003b5HPsIAM,Represents individual customers or organizations purchasing food or services through the platform. Typically associated with order history and loyalty programs.,100781,,,Houston,United States,,,,77095,Texas,77647 Sunnyside Pass,,,,,,,,Belle Household - 100781,,,005Ws000003miUrIAI,,,,9205653715,/services/images/photo/001Ws00003b5HPsIAM,,012Ws000000x75VIAQ,,,,,,,,,,,,,Customer Account,
001Ws00003b5HPtIAM,Represents individual customers or organizations purchasing food or services through the platform. Typically associated with order history and loyalty programs.,100517,,,Charlotte,United States,,,,28289,North Carolina,42552 Loeprich Alley,,,,,,,,Danforth Household - 100517,,,005Ws000003miUrIAI,,,,2958120261,/services/images/photo/001Ws00003b5HPtIAM,,012Ws000000x75VIAQ,,,,,,,,,,,,,Customer Account,
001Ws00003b5HPuIAM,Represents individual customers or organizations purchasing food or services through the platform. Typically associated with order history and loyalty programs.,100700,,,Schaumburg,United States,,,,60193,Illinois,312 Nevada Parkway,,,,,,,,Scarsbrooke Household - 100700,,,005Ws000003miUrIAI,,,,3844261544,/services/images/photo/001Ws00003b5HPuIAM,,012Ws000000x75VIAQ,,,,,,,,,,,,,Customer Account,
001Ws00003b5HPvIAM,Represents individual customers or organizations purchasing food or services through the platform. Typically associated with order history and loyalty programs.,100709,,,Beaumont,United States,,,,77705,Texas,90 Sutteridge Court,,,,,,,,Stair Household - 100709,,,005Ws000003miUrIAI,,,,7731514160,/services/images/photo/001Ws00003b5HPvIAM,,012Ws000000x75VIAQ,,,,,,,,,,,,,Customer Account,
001Ws00003b5HPwIAM,Represents individual customers or organizations purchasing food or services through the platform. Typically associated with order history and loyalty programs.,101086,,,Lafayette,United States,,,,70593,Louisiana,28 Mifflin Circle,,,,,,,,Kilgallen Household - 101086,,,005Ws000003miUrIAI,,,,5155011124,/services/images/photo/001Ws00003b5HPwIAM,,012Ws000000x75VIAQ,,,,,,,,,,,,,Customer Account,
001Ws00003b5HPxIAM,Represents individual customers or organizations purchasing food or services through the platform. Typically associated with order history and loyalty programs.,100578,,,Huntington,United States,,,,25775,West Virginia,44522 Meadow Vale Plaza,,,,,,,,Melsome Household - 100578,,,005Ws000003miUrIAI,,,,5182060171,/services/images/photo/001Ws00003b5HPxIAM,,012Ws000000x75VIAQ,,,,,,,,,,,,,Customer Account,
001Ws00003b5HPyIAM,Represents individual customers or organizations purchasing food or services through the platform. Typically associated with order history and loyalty programs.,101094,,,Birmingham,United States,,,,35244,Alabama,8113 Arizona Parkway,,,,,,,,Holsey Household - 101094,,,005Ws000003miUrIAI,,,,4904850771,/services/images/photo/001Ws00003b5HPyIAM,,012Ws000000x75VIAQ,,,,,,,,,,,,,Customer Account,
001Ws00003b5HPzIAM,Represents individual customers or organizations purchasing food or services through the platform. Typically associated with order history and loyalty programs.,101062,,,Bloomington,United States,,,,47405,Indiana,83 Reinke Crossing,,,,,,,,Petricek Household - 101062,,,005Ws000003miUrIAI,,,,4652921554,/services/images/photo/001Ws00003b5HPzIAM,,012Ws000000x75VIAQ,,,,,,,,,,,,,Customer Account,
001Ws00003b5HQ0IAM,Represents individual customers or organizations purchasing food or services through the platform. Typically associated with order history and loyalty programs.,100748,,,Memphis,United States,,,,38168,Tennessee,56 School Road,,,,,,,,Havesides Household - 100748,,,005Ws000003miUrIAI,,,,1649599075,/services/images/photo/001Ws00003b5HQ0IAM,,012Ws000000x75VIAQ,,,,,,,,,,,,,Customer Account,
001Ws00003b5HQ1IAM,Represents individual customers or organizations purchasing food or services through the platform. Typically associated with order history and loyalty programs.,100976,,,Fort Lauderdale,United States,,,,33330,Florida,0220 Kings Lane,,,,,,,,Shotter Household - 100976,,,005Ws000003miUrIAI,,,,1767412463,/services/images/photo/001Ws00003b5HQ1IAM,,012Ws000000x75VIAQ,,,,,,,,,,,,,Customer Account,
001Ws00003b5HQ2IAM,Represents individual customers or organizations purchasing food or services through the platform. Typically associated with order history and loyalty programs.,100517,,,Long Beach,United States,,,,90805,California,847 Melrose Avenue,,,,,,,,Heaselgrave Household - 100517,,,005Ws000003miUrIAI,,,,2512233124,/services/images/photo/001Ws00003b5HQ2IAM,,012Ws000000x75VIAQ,,,,,,,,,,,,,Customer Account,
001Ws00003b5HQ3IAM,Represents individual customers or organizations purchasing food or services through the platform. Typically associated with order history and loyalty programs.,100843,,,Indianapolis,United States,,,,46278,Indiana,38725 Stang Court,,,,,,,,Dewes Household - 100843,,,005Ws000003miUrIAI,,,,5407144411,/services/images/photo/001Ws00003b5HQ3IAM,,012Ws000000x75VIAQ,,,,,,,,,,,,,Customer Account,
001Ws00003b5HQ4IAM,Represents individual customers or organizations purchasing food or services through the platform. Typically associated with order history and loyalty programs.,100725,,,Phoenix,United States,,,,85053,Arizona,5 New Castle Circle,,,,,,,,Paoloni Household - 100725,,,005Ws000003miUrIAI,,,,6248822602,/services/images/photo/001Ws00003b5HQ4IAM,,012Ws000000x75VIAQ,,,,,,,,,,,,,Customer Account,
001Ws00003b5HQ5IAM,Represents individual customers or organizations purchasing food or services through the platform. Typically associated with order history and loyalty programs.,100634,,,Tallahassee,United States,,,,32304,Florida,456 Boyd Circle,,,,,,,,Keese Household - 100634,,,005Ws000003miUrIAI,,,,4406608480,/services/images/photo/001Ws00003b5HQ5IAM,,012Ws000000x75VIAQ,,,,,,,,,,,,,Customer Account,
001Ws00003b5HQ6IAM,Represents individual customers or organizations purchasing food or services through the platform. Typically associated with order history and loyalty programs.,101071,,,Las Vegas,United States,,,,89166,Nevada,38 Merrick Alley,,,,,,,,Sheards Household - 101071,,,005Ws000003miUrIAI,,,,6612981834,/services/images/photo/001Ws00003b5HQ6IAM,,012Ws000000x75VIAQ,,,,,,,,,,,,,Customer Account,
001Ws00003b5HQ7IAM,Represents individual customers or organizations purchasing food or services through the platform. Typically associated with order history and loyalty programs.,100831,,,Elmira,United States,,,,14905,New York,13 Miller Place,,,,,,,,MacSherry Household - 100831,,,005Ws000003miUrIAI,,,,2693586695,/services/images/photo/001Ws00003b5HQ7IAM,,012Ws000000x75VIAQ,,,,,,,,,,,,,Customer Account,
001Ws00003b5HQ8IAM,Represents individual customers or organizations purchasing food or services through the platform. Typically associated with order history and loyalty programs.,100813,,,New Brunswick,United States,,,,8922,New Jersey,36301 Grim Crossing,,,,,,,,Melloy Household - 100813,,,005Ws000003miUrIAI,,,,1138184474,/services/images/photo/001Ws00003b5HQ8IAM,,012Ws000000x75VIAQ,,,,,,,,,,,,,Customer Account,
001Ws00003b5HQ9IAM,Represents individual customers or organizations purchasing food or services through the platform. Typically associated with order history and loyalty programs.,100848,,,Hicksville,United States,,,,11854,New York,2 Truax Hill,,,,,,,,Mackieson Household - 100848,,,005Ws000003miUrIAI,,,,5572930493,/services/images/photo/001Ws00003b5HQ9IAM,,012Ws000000x75VIAQ,,,,,,,,,,,,,Customer Account,
001Ws00003b5HQAIA2,Represents individual customers or organizations purchasing food or services through the platform. Typically associated with order history and loyalty programs.,100591,,,Clearwater,United States,,,,34620,Florida,23438 Forest Park,,,,,,,,Lyste Household - 100591,,,005Ws000003miUrIAI,,,,6449736048,/services/images/photo/001Ws00003b5HQAIA2,,012Ws000000x75VIAQ,,,,,,,,,,,,,Customer Account,
001Ws00003b5HQBIA2,Represents individual customers or organizations purchasing food or services through the platform. Typically associated with order history and loyalty programs.,100813,,,Phoenix,United States,,,,85099,Arizona,09 Westridge Point,,,,,,,,Diche Household - 100813,,,005Ws000003miUrIAI,,,,1969367353,/services/images/photo/001Ws00003b5HQBIA2,,012Ws000000x75VIAQ,,,,,,,,,,,,,Customer Account,
001Ws00003b5HQCIA2,Represents individual customers or organizations purchasing food or services through the platform. Typically associated with order history and loyalty programs.,100762,,,San Diego,United States,,,,92176,California,05269 West Circle,,,,,,,,Adran Household - 100762,,,005Ws000003miUrIAI,,,,9822427708,/services/images/photo/001Ws00003b5HQCIA2,,012Ws000000x75VIAQ,,,,,,,,,,,,,Customer Account,
001Ws00003b5HQDIA2,Represents individual customers or organizations purchasing food or services through the platform. Typically associated with order history and loyalty programs.,100585,,,Baltimore,United States,,,,21229,Maryland,1977 Mayfield Park,,,,,,,,Jendrusch Household - 100585,,,005Ws000003miUrIAI,,,,3317749771,/services/images/photo/001Ws00003b5HQDIA2,,012Ws000000x75VIAQ,,,,,,,,,,,,,Customer Account,
001Ws00003b5HQEIA2,Represents individual customers or organizations purchasing food or services through the platform. Typically associated with order history and loyalty programs.,101012,,,Evansville,United States,,,,47732,Indiana,466 Petterle Crossing,,,,,,,,McGuckin Household - 101012,,,005Ws000003miUrIAI,,,,2473262546,/services/images/photo/001Ws00003b5HQEIA2,,012Ws000000x75VIAQ,,,,,,,,,,,,,Customer Account,
001Ws00003b5HQFIA2,Represents individual customers or organizations purchasing food or services through the platform. Typically associated with order history and loyalty programs.,100742,,,El Paso,United States,,,,79999,Texas,1952 Mayer Junction,,,,,,,,Evins Household - 100742,,,005Ws000003miUrIAI,,,,6961481874,/services/images/photo/001Ws00003b5HQFIA2,,012Ws000000x75VIAQ,,,,,,,,,,,,,Customer Account,
001Ws00003b5HQGIA2,Represents individual customers or organizations purchasing food or services through the platform. Typically associated with order history and loyalty programs.,100917,,,Oklahoma City,United States,,,,73179,Oklahoma,1 Lunder Way,,,,,,,,Railton Household - 100917,,,005Ws000003miUrIAI,,,,1153688974,/services/images/photo/001Ws00003b5HQGIA2,,012Ws000000x75VIAQ,,,,,,,,,,,,,Customer Account,
001Ws00003b5HQHIA2,Represents individual customers or organizations purchasing food or services through the platform. Typically associated with order history and loyalty programs.,100954,,,Waco,United States,,,,76711,Texas,0333 Union Avenue,,,,,,,,Portwain Household - 100954,,,005Ws000003miUrIAI,,,,5313471894,/services/images/photo/001Ws00003b5HQHIA2,,012Ws000000x75VIAQ,,,,,,,,,,,,,Customer Account,
001Ws00003b5HQIIA2,Represents individual customers or organizations purchasing food or services through the platform. Typically associated with order history and loyalty programs.,100519,,,Corona,United States,,,,92878,California,643 Kedzie Point,,,,,,,,Gubbin Household - 100519,,,005Ws000003miUrIAI,,,,1644333571,/services/images/photo/001Ws00003b5HQIIA2,,012Ws000000x75VIAQ,,,,,,,,,,,,,Customer Account,
001Ws00003b5HQJIA2,Represents individual customers or organizations purchasing food or services through the platform. Typically associated with order history and loyalty programs.,100742,,,New Orleans,United States,,,,70116,Louisiana,57 West Court,,,,,,,,Burdell Household - 100742,,,005Ws000003miUrIAI,,,,3571092669,/services/images/photo/001Ws00003b5HQJIA2,,012Ws000000x75VIAQ,,,,,,,,,,,,,Customer Account,
001Ws00003b5HQKIA2,Represents individual customers or organizations purchasing food or services through the platform. Typically associated with order history and loyalty programs.,100537,,,Wilmington,United States,,,,19805,Delaware,04508 Iowa Hill,,,,,,,,Thickin Household - 100537,,,005Ws000003miUrIAI,,,,8524044179,/services/images/photo/001Ws00003b5HQKIA2,,012Ws000000x75VIAQ,,,,,,,,,,,,,Customer Account,
001Ws00003b5HQLIA2,Represents individual customers or organizations purchasing food or services through the platform. Typically associated with order history and loyalty programs.,100963,,,Honolulu,United States,,,,96805,Hawaii,0224 2nd Street,,,,,,,,Finessy Household - 100963,,,005Ws000003miUrIAI,,,,9884108681,/services/images/photo/001Ws00003b5HQLIA2,,012Ws000000x75VIAQ,,,,,,,,,,,,,Customer Account,
001Ws00003b5HQMIA2,Represents individual customers or organizations purchasing food or services through the platform. Typically associated with order history and loyalty programs.,100512,,,New York City,United States,,,,10004,New York,40799 Melvin Pass,,,,,,,,Potkins Household - 100512,,,005Ws000003miUrIAI,,,,7418100617,/services/images/photo/001Ws00003b5HQMIA2,,012Ws000000x75VIAQ,,,,,,,,,,,,,Customer Account,
001Ws00003b5HQNIA2,Represents individual customers or organizations purchasing food or services through the platform. Typically associated with order history and loyalty programs.,100756,,,Savannah,United States,,,,31416,Georgia,87 Judy Center,,,,,,,,Cornill Household - 100756,,,005Ws000003miUrIAI,,,,4406418793,/services/images/photo/001Ws00003b5HQNIA2,,012Ws000000x75VIAQ,,,,,,,,,,,,,Customer Account,
001Ws00003b5HQOIA2,Represents individual customers or organizations purchasing food or services through the platform. Typically associated with order history and loyalty programs.,100516,,,Lexington,United States,,,,40515,Kentucky,805 Brown Alley,,,,,,,,Coath Household - 100516,,,005Ws000003miUrIAI,,,,4563765352,/services/images/photo/001Ws00003b5HQOIA2,,012Ws000000x75VIAQ,,,,,,,,,,,,,Customer Account,
001Ws00003b5HQPIA2,Represents individual customers or organizations purchasing food or services through the platform. Typically associated with order history and loyalty programs.,100780,,,Pittsburgh,United States,,,,15255,Pennsylvania,18 Dakota Alley,,,,,,,,Marquis Household - 100780,,,005Ws000003miUrIAI,,,,6989864599,/services/images/photo/001Ws00003b5HQPIA2,,012Ws000000x75VIAQ,,,,,,,,,,,,,Customer Account,
001Ws00003b5HQQIA2,Represents individual customers or organizations purchasing food or services through the platform. Typically associated with order history and loyalty programs.,100693,,,Saint Louis,United States,,,,63150,Missouri,73 Sunbrook Lane,,,,,,,,Atkyns Household - 100693,,,005Ws000003miUrIAI,,,,6569232001,/services/images/photo/001Ws00003b5HQQIA2,,012Ws000000x75VIAQ,,,,,,,,,,,,,Customer Account,
001Ws00003b5HQRIA2,Represents individual customers or organizations purchasing food or services through the platform. Typically associated with order history and loyalty programs.,100733,,,El Paso,United States,,,,88525,Texas,207 Saint Paul Place,,,,,,,,Sellack Household - 100733,,,005Ws000003miUrIAI,,,,1785055023,/services/images/photo/001Ws00003b5HQRIA2,,012Ws000000x75VIAQ,,,,,,,,,,,,,Customer Account,
001Ws00003b5HQSIA2,Represents individual customers or organizations purchasing food or services through the platform. Typically associated with order history and loyalty programs.,100881,,,Buffalo,United States,,,,14276,New York,50608 Autumn Leaf Road,,,,,,,,Chislett Household - 100881,,,005Ws000003miUrIAI,,,,9353339421,/services/images/photo/001Ws00003b5HQSIA2,,012Ws000000x75VIAQ,,,,,,,,,,,,,Customer Account,
001Ws00003b5HQTIA2,Represents individual customers or organizations purchasing food or services through the platform. Typically associated with order history and loyalty programs.,100738,,,Beaverton,United States,,,,97075,Oregon,99 Jenifer Way,,,,,,,,Pavlata Household - 100738,,,005Ws000003miUrIAI,,,,8743994993,/services/images/photo/001Ws00003b5HQTIA2,,012Ws000000x75VIAQ,,,,,,,,,,,,,Customer Account,
001Ws00003b5HQUIA2,Represents individual customers or organizations purchasing food or services through the platform. Typically associated with order history and loyalty programs.,100635,,,Minneapolis,United States,,,,55480,Minnesota,8136 Dayton Circle,,,,,,,,Mourgue Household - 100635,,,005Ws000003miUrIAI,,,,3481649465,/services/images/photo/001Ws00003b5HQUIA2,,012Ws000000x75VIAQ,,,,,,,,,,,,,Customer Account,
001Ws00003b5HQVIA2,Represents individual customers or organizations purchasing food or services through the platform. Typically associated with order history and loyalty programs.,100664,,,Cincinnati,United States,,,,45208,Ohio,0 Haas Way,,,,,,,,Bouldon Household - 100664,,,005Ws000003miUrIAI,,,,1311154315,/services/images/photo/001Ws00003b5HQVIA2,,012Ws000000x75VIAQ,,,,,,,,,,,,,Customer Account,
001Ws00003b5HQWIA2,Represents individual customers or organizations purchasing food or services through the platform. Typically associated with order history and loyalty programs.,100552,,,Kansas City,United States,,,,66112,Kansas,55535 Browning Trail,,,,,,,,Velden Household - 100552,,,005Ws000003miUrIAI,,,,6767467624,/services/images/photo/001Ws00003b5HQWIA2,,012Ws000000x75VIAQ,,,,,,,,,,,,,Customer Account,
001Ws00003b5HQXIA2,Represents individual customers or organizations purchasing food or services through the platform. Typically associated with order history and loyalty programs.,100758,,,Madison,United States,,,,53710,Wisconsin,1 Granby Center,,,,,,,,MacShane Household - 100758,,,005Ws000003miUrIAI,,,,2568972917,/services/images/photo/001Ws00003b5HQXIA2,,012Ws000000x75VIAQ,,,,,,,,,,,,,Customer Account,
001Ws00003b5HQYIA2,Represents individual customers or organizations purchasing food or services through the platform. Typically associated with order history and loyalty programs.,101040,,,Maple Plain,United States,,,,55579,Minnesota,78090 Golf Course Circle,,,,,,,,Westgarth Household - 101040,,,005Ws000003miUrIAI,,,,3201339248,/services/images/photo/001Ws00003b5HQYIA2,,012Ws000000x75VIAQ,,,,,,,,,,,,,Customer Account,
001Ws00003b5HQZIA2,Represents individual customers or organizations purchasing food or services through the platform. Typically associated with order history and loyalty programs.,100691,,,Houston,United States,,,,77075,Texas,6 Bowman Terrace,,,,,,,,Carstairs Household - 100691,,,005Ws000003miUrIAI,,,,7595366129,/services/images/photo/001Ws00003b5HQZIA2,,012Ws000000x75VIAQ,,,,,,,,,,,,,Customer Account,
001Ws00003b5HQaIAM,Represents individual customers or organizations purchasing food or services through the platform. Typically associated with order history and loyalty programs.,100878,,,Albany,United States,,,,31704,Georgia,7379 Morningstar Hill,,,,,,,,Colleymore Household - 100878,,,005Ws000003miUrIAI,,,,4981144431,/services/images/photo/001Ws00003b5HQaIAM,,012Ws000000x75VIAQ,,,,,,,,,,,,,Customer Account,
001Ws00003b5HQbIAM,Represents individual customers or organizations purchasing food or services through the platform. Typically associated with order history and loyalty programs.,100888,,,Dallas,United States,,,,75260,Texas,86 Mendota Road,,,,,,,,Richfield Household - 100888,,,005Ws000003miUrIAI,,,,2445393771,/services/images/photo/001Ws00003b5HQbIAM,,012Ws000000x75VIAQ,,,,,,,,,,,,,Customer Account,
001Ws00003b5HQcIAM,Represents individual customers or organizations purchasing food or services through the platform. Typically associated with order history and loyalty programs.,100858,,,New York City,United States,,,,10170,New York,82628 Aberg Point,,,,,,,,De Mattia Household - 100858,,,005Ws000003miUrIAI,,,,7431375738,/services/images/photo/001Ws00003b5HQcIAM,,012Ws000000x75VIAQ,,,,,,,,,,,,,Customer Account,
001Ws00003b5HQdIAM,Represents individual customers or organizations purchasing food or services through the platform. Typically associated with order history and loyalty programs.,100973,,,Columbia,United States,,,,65211,Missouri,31 Anniversary Way,,,,,,,,Tungay Household - 100973,,,005Ws000003miUrIAI,,,,9419351810,/services/images/photo/001Ws00003b5HQdIAM,,012Ws000000x75VIAQ,,,,,,,,,,,,,Customer Account,
001Ws00003b5HQeIAM,Represents individual customers or organizations purchasing food or services through the platform. Typically associated with order history and loyalty programs.,101028,,,Saginaw,United States,,,,48604,Michigan,0 Blackbird Street,,,,,,,,Fairleigh Household - 101028,,,005Ws000003miUrIAI,,,,6236878963,/services/images/photo/001Ws00003b5HQeIAM,,012Ws000000x75VIAQ,,,,,,,,,,,,,Customer Account,
001Ws00003b5HQfIAM,Represents individual customers or organizations purchasing food or services through the platform. Typically associated with order history and loyalty programs.,100880,,,Memphis,United States,,,,38150,Tennessee,6 Hooker Lane,,,,,,,,Hindes Household - 100880,,,005Ws000003miUrIAI,,,,8101065227,/services/images/photo/001Ws00003b5HQfIAM,,012Ws000000x75VIAQ,,,,,,,,,,,,,Customer Account,
001Ws00003b5HQgIAM,Represents individual customers or organizations purchasing food or services through the platform. Typically associated with order history and loyalty programs.,100619,,,Lynn,United States,,,,1905,Massachusetts,70496 Orin Junction,,,,,,,,Boniface Household - 100619,,,005Ws000003miUrIAI,,,,5769004461,/services/images/photo/001Ws00003b5HQgIAM,,012Ws000000x75VIAQ,,,,,,,,,,,,,Customer Account,
001Ws00003b5HQhIAM,Represents individual customers or organizations purchasing food or services through the platform. Typically associated with order history and loyalty programs.,100610,,,Reston,United States,,,,20195,Virginia,448 Corscot Court,,,,,,,,Clemendot Household - 100610,,,005Ws000003miUrIAI,,,,3862191568,/services/images/photo/001Ws00003b5HQhIAM,,012Ws000000x75VIAQ,,,,,,,,,,,,,Customer Account,
001Ws00003b5HQiIAM,Represents individual customers or organizations purchasing food or services through the platform. Typically associated with order history and loyalty programs.,101068,,,Torrance,United States,,,,90505,California,4 John Wall Terrace,,,,,,,,Walkden Household - 101068,,,005Ws000003miUrIAI,,,,9536085377,/services/images/photo/001Ws00003b5HQiIAM,,012Ws000000x75VIAQ,,,,,,,,,,,,,Customer Account,
001Ws00003b5HQjIAM,Represents individual customers or organizations purchasing food or services through the platform. Typically associated with order history and loyalty programs.,101093,,,Van Nuys,United States,,,,91406,California,3 Upham Circle,,,,,,,,Leeder Household - 101093,,,005Ws000003miUrIAI,,,,4939639737,/services/images/photo/001Ws00003b5HQjIAM,,012Ws000000x75VIAQ,,,,,,,,,,,,,Customer Account,
001Ws00003b5HQkIAM,Represents individual customers or organizations purchasing food or services through the platform. Typically associated with order history and loyalty programs.,101081,,,Newton,United States,,,,2162,Massachusetts,6 Summer Ridge Park,,,,,,,,Lisciandri Household - 101081,,,005Ws000003miUrIAI,,,,1306257123,/services/images/photo/001Ws00003b5HQkIAM,,012Ws000000x75VIAQ,,,,,,,,,,,,,Customer Account,
001Ws00003b5HQlIAM,Represents individual customers or organizations purchasing food or services through the platform. Typically associated with order history and loyalty programs.,100720,,,Tallahassee,United States,,,,32309,Florida,2422 Dovetail Pass,,,,,,,,Dabinett Household - 100720,,,005Ws000003miUrIAI,,,,8969602534,/services/images/photo/001Ws00003b5HQlIAM,,012Ws000000x75VIAQ,,,,,,,,,,,,,Customer Account,
001Ws00003b5HQmIAM,Represents individual customers or organizations purchasing food or services through the platform. Typically associated with order history and loyalty programs.,101050,,,New Haven,United States,,,,6520,Connecticut,634 Iowa Avenue,,,,,,,,Oakland Household - 101050,,,005Ws000003miUrIAI,,,,7035668085,/services/images/photo/001Ws00003b5HQmIAM,,012Ws000000x75VIAQ,,,,,,,,,,,,,Customer Account,
001Ws00003b5HQnIAM,Represents individual customers or organizations purchasing food or services through the platform. Typically associated with order history and loyalty programs.,100940,,,Jacksonville,United States,,,,32230,Florida,53237 Muir Drive,,,,,,,,Heyworth Household - 100940,,,005Ws000003miUrIAI,,,,9726305657,/services/images/photo/001Ws00003b5HQnIAM,,012Ws000000x75VIAQ,,,,,,,,,,,,,Customer Account,
001Ws00003b5HQoIAM,Represents individual customers or organizations purchasing food or services through the platform. Typically associated with order history and loyalty programs.,100841,,,San Francisco,United States,,,,94110,California,122 Truax Parkway,,,,,,,,Walden Household - 100841,,,005Ws000003miUrIAI,,,,6499593190,/services/images/photo/001Ws00003b5HQoIAM,,012Ws000000x75VIAQ,,,,,,,,,,,,,Customer Account,
001Ws00003b5HQpIAM,Represents individual customers or organizations purchasing food or services through the platform. Typically associated with order history and loyalty programs.,100823,,,Saint Louis,United States,,,,63150,Missouri,2 Steensland Pass,,,,,,,,Groombridge Household - 100823,,,005Ws000003miUrIAI,,,,5547686307,/services/images/photo/001Ws00003b5HQpIAM,,012Ws000000x75VIAQ,,,,,,,,,,,,,Customer Account,
001Ws00003b5HQqIAM,Represents individual customers or organizations purchasing food or services through the platform. Typically associated with order history and loyalty programs.,100734,,,Buffalo,United States,,,,14205,New York,307 Golf View Parkway,,,,,,,,Kluger Household - 100734,,,005Ws000003miUrIAI,,,,9458115486,/services/images/photo/001Ws00003b5HQqIAM,,012Ws000000x75VIAQ,,,,,,,,,,,,,Customer Account,
001Ws00003b5HQrIAM,Represents individual customers or organizations purchasing food or services through the platform. Typically associated with order history and loyalty programs.,100638,,,Farmington,United States,,,,48335,Michigan,481 Forest Dale Street,,,,,,,,Valentine Household - 100638,,,005Ws000003miUrIAI,,,,9339369652,/services/images/photo/001Ws00003b5HQrIAM,,012Ws000000x75VIAQ,,,,,,,,,,,,,Customer Account,
001Ws00003b5HQsIAM,Represents individual customers or organizations purchasing food or services through the platform. Typically associated with order history and loyalty programs.,101088,,,Miami Beach,United States,,,,33141,Florida,10 Daystar Hill,,,,,,,,Verden Household - 101088,,,005Ws000003miUrIAI,,,,6847084135,/services/images/photo/001Ws00003b5HQsIAM,,012Ws000000x75VIAQ,,,,,,,,,,,,,Customer Account,
001Ws00003b5HQtIAM,Represents individual customers or organizations purchasing food or services through the platform. Typically associated with order history and loyalty programs.,100796,,,Phoenix,United States,,,,85062,Arizona,18614 Luster Lane,,,,,,,,Kitlee Household - 100796,,,005Ws000003miUrIAI,,,,6293800026,/services/images/photo/001Ws00003b5HQtIAM,,012Ws000000x75VIAQ,,,,,,,,,,,,,Customer Account,
001Ws00003b5HQuIAM,Represents individual customers or organizations purchasing food or services through the platform. Typically associated with order history and loyalty programs.,101052,,,Columbus,United States,,,,43240,Ohio,9 Eggendart Pass,,,,,,,,Hadland Household - 101052,,,005Ws000003miUrIAI,,,,1134306841,/services/images/photo/001Ws00003b5HQuIAM,,012Ws000000x75VIAQ,,,,,,,,,,,,,Customer Account,
001Ws00003b5HQvIAM,Represents individual customers or organizations purchasing food or services through the platform. Typically associated with order history and loyalty programs.,100931,,,Milwaukee,United States,,,,53277,Wisconsin,6495 Banding Parkway,,,,,,,,Pimmocke Household - 100931,,,005Ws000003miUrIAI,,,,1717163685,/services/images/photo/001Ws00003b5HQvIAM,,012Ws000000x75VIAQ,,,,,,,,,,,,,Customer Account,
001Ws00003b5HQwIAM,Represents individual customers or organizations purchasing food or services through the platform. Typically associated with order history and loyalty programs.,100959,,,Mobile,United States,,,,36641,Alabama,4665 Northwestern Road,,,,,,,,Harriman Household - 100959,,,005Ws000003miUrIAI,,,,4318519962,/services/images/photo/001Ws00003b5HQwIAM,,012Ws000000x75VIAQ,,,,,,,,,,,,,Customer Account,
001Ws00003b5HQxIAM,Represents individual customers or organizations purchasing food or services through the platform. Typically associated with order history and loyalty programs.,100633,,,Milwaukee,United States,,,,53285,Wisconsin,83425 Farmco Point,,,,,,,,Booth Household - 100633,,,005Ws000003miUrIAI,,,,2867573304,/services/images/photo/001Ws00003b5HQxIAM,,012Ws000000x75VIAQ,,,,,,,,,,,,,Customer Account,
001Ws00003b5Hz4IAE,Represents individual customers or organizations purchasing food or services through the platform. Typically associated with order history and loyalty programs.,,,,Dallas,United States,,,,75204,TX,3227 McKinney Avenue,,,,,,,,Morgan Household - 10039847,,,005Ws000003miUrIAI,,,,,/services/images/photo/001Ws00003b5Hz4IAE,,012Ws000000x75VIAQ,,,,,,,,,,,,,Customer Account,
001Ws00003baklWIAQ,Other,,,,,,,,,,,,,,,,,,,Sample Account for Entitlements,,,005Ws000003miWTIAY,,,,,/services/images/photo/001Ws00003baklWIAQ,,,,,,,,,,,,,,,,
