Id,AccountId,AssistantName,AssistantPhone,Birthdate,BuyerAttributes,ContactSource,Department,DepartmentGroup,Description,DoNotCall,Email,EmailBouncedDate,EmailBouncedReason,Favorite_Cuisine__c,Fax,FirstName,GenderIdentity,HasOptedOutOfEmail,HasOptedOutOfFax,HomePhone,IndividualId,IsEmailBounced,Jigsaw,JigsawContactId,LastActivityDate,LastCURequestDate,LastCUUpdateDate,LastName,LeadSource,MailingCity,MailingCountry,MailingGeocodeAccuracy,MailingLatitude,MailingLongitude,MailingPostalCode,MailingState,MailingStreet,MobilePhone,Name,OtherCity,OtherCountry,OtherGeocodeAccuracy,OtherLatitude,OtherLongitude,OtherPhone,OtherPostalCode,OtherState,OtherStreet,OwnerId,Phone,PhotoUrl,Pronouns,RecordTypeId,ReportsToId,Salutation,Title,TitleType
003Ws000008QNSbIAO,001Ws00003ahK23IAE,,,,,,,,,false,info@salesforce.com,,,,,Geoff,,false,false,,,false,,,,,,Minor,,Toronto,Canada,,,,L4B 1Y3,Ontario,150 Chestnut Street,,Geoff Minor,Toronto,Canada,,,,,L4B 1Y3,Ontario,150 Chestnut Street,005Ws000003miUrIAI,(415) 555-1212,/services/images/photo/003Ws000008QNSbIAO,,012Ws000000xYfBIAU,,,President,
003Ws000008QNScIAO,001Ws00003ahK23IAE,,,,,,,,Carole White is looking at moving forward with our products and will act as the champion for us.,false,info@salesforce.com,,,,,Carole,,false,false,,,false,,,,,,White,Employee Referral,Toronto,Canada,,,,L4B 1Y3,Ontario,150 Chestnut Street,,Carole White,,,,,,,,,,005Ws000003miUrIAI,(415) 555-1212,/services/images/photo/003Ws000008QNScIAO,,012Ws000000xYfBIAU,003Ws000008QNSbIAO,,VP Sales,
003Ws000008QNSdIAO,001Ws00003ahK23IAE,,,,,,,,,false,info@salesforce.com,,,,(555) 555-1212,Jon,,false,false,,,false,,,,,,Amos,,Toronto,Canada,,,,L4B 1Y3,Ontario,150 Chestnut Street,,Jon Amos,,,,,,,,,,005Ws000003miUrIAI,(905) 555-1212,/services/images/photo/003Ws000008QNSdIAO,,012Ws000000xYfBIAU,003Ws000008QNScIAO,,Sales Manager,
003Ws000008QNSeIAO,001Ws00003ahK24IAE,,,,,,,,,false,info@salesforce.com,,,,(212) 555-5555,Edward,,false,false,,,false,,,,,,Stamos,,New York City,USA,,,,31349,NY,10 Main Rd.,,Edward Stamos,New York City,USA,,,,,31349,NY,10 Main Rd.,005Ws000003miUrIAI,(212) 555-5555,/services/images/photo/003Ws000008QNSeIAO,,012Ws000000xYfBIAU,,,President and CEO,
003Ws000008QNSfIAO,001Ws00003ahK24IAE,,,,,,,,,false,info@salesforce.com,,,,(212) 555-5555,Howard,,false,false,,,false,,,,,,Jones,,New York,USA,,,,31349,NY,10 Main Rd.,,Howard Jones,,,,,,,,,,005Ws000003miUrIAI,(212) 555-5555,/services/images/photo/003Ws000008QNSfIAO,,012Ws000000xYfBIAU,,,Buyer,
003Ws000008QNSgIAO,001Ws00003ahK24IAE,,,,,,,,,false,info@salesforce.com,,,,(212) 555-5555,Leanne,,false,false,,,false,,,,,,Tomlin,,New York,USA,,,,31349,NY,10 Main Rd.,,Leanne Tomlin,,,,,,,,,,005Ws000003miUrIAI,(212) 555-5555,/services/images/photo/003Ws000008QNSgIAO,,012Ws000000xYfBIAU,,,VP Customer Support,
003Ws000008QNShIAO,001Ws00003ahK25IAE,,,,,,,,"Marc R. Benioff is chairman and CEO of salesforce.com. He founded the company in March 1999 with the idea to create an information utility that would make traditional enterprise software technology and business models obsolete. A veteran of 25 years in the software industry, he is now regarded as a pioneer of ""The End Of Software,"" demonstrating how on-demand applications can replace traditional software to deliver immediate benefit at reduced risk. In May 2003, Benioff was appointed by President George W. Bush as co-chair of the President's Information Technology Advisory Committee (PITAC), a bi-partisan organization of business leaders and academics charged to advise The President on how to maintain the United States' preeminent position in information technology.",false,info@salesforce.com,,,,(415) 901-7040,Marc,,false,false,,,false,,,,,,Benioff,,San Francisco,USA,,,,94105,CA,"The Landmark @ One Market, Suite 300",,Marc Benioff,San Francisco,USA,,,,,94105,CA,"The Landmark @ One Market, Suite 300",005Ws000003miUrIAI,(415) 901-7000,/services/images/photo/003Ws000008QNShIAO,,012Ws000000xYfBIAU,,Mr.,Executive Officer,
003Ws000008VfWvIAK,001Ws00003av0RmIAI,,,,,,,,,false,jing.wei@artisanplates.com,,,,,Jing,,false,false,,,false,,,,,,Wei,,,,,,,,,,214-555-1007,Jing Wei,,,,,,,,,,005Ws000003miUrIAI,214-555-2007,/services/images/photo/003Ws000008VfWvIAK,,012Ws000000xYfBIAU,,,Executive Chef,
003Ws000008VfWwIAK,001Ws00003av0RnIAI,,,,,,,,,false,liam.oconnor@basilthyme.com,,,,,Liam,,false,false,,,false,,,,,,O’Connor,,,,,,,,,,469-555-1008,Liam O’Connor,,,,,,,,,,005Ws000003miUrIAI,469-555-2008,/services/images/photo/003Ws000008VfWwIAK,,012Ws000000xYfBIAU,,,Cafe Supervisor,
003Ws000008VfWxIAK,001Ws00003av0RiIAI,,,,,,,,,false,aisha.khan@bitefusion.com,,,,,Aisha,,false,false,,,false,,,,,,Khan,,,,,,,,,,972-555-1003,Aisha Khan,,,,,,,,,,005Ws000003miUrIAI,972-555-2003,/services/images/photo/003Ws000008VfWxIAK,,012Ws000000xYfBIAU,,,Operations Manager,
003Ws000008VfWyIAK,001Ws00003av0RpIAI,,,,,,,,,false,ethan.kim@epicureanedge.com,,,,,Ethan,,false,false,,,false,,,,,,Kim,,,,,,,,,,214-555-1010,Ethan Kim,,,,,,,,,,005Ws000003miUrIAI,214-555-2010,/services/images/photo/003Ws000008VfWyIAK,,012Ws000000xYfBIAU,,,Operations Lead,
003Ws000008VfWzIAK,001Ws00003av0RkIAI,,,,,,,,,false,priya.nair@flavortrail.com,,,,,Priya,,false,false,,,false,,,,,,Nair,,,,,,,,,,469-555-1005,Priya Nair,,,,,,,,,,005Ws000003miUrIAI,469-555-2005,/services/images/photo/003Ws000008VfWzIAK,,012Ws000000xYfBIAU,,,Assistant Manager,
003Ws000008VfX0IAK,001Ws00003av0RjIAI,,,,,,,,,false,michael.okafor@greenfork.com,,,,,Michael,,false,false,,,false,,,,,,Okafor,,,,,,,,,,214-555-1004,Michael Okafor,,,,,,,,,,005Ws000003miUrIAI,214-555-2004,/services/images/photo/003Ws000008VfX0IAK,,012Ws000000xYfBIAU,,,General Manager,
003Ws000008VfX1IAK,001Ws00003av0RoIAI,,,,,,,,,false,charlotte.dubois@harvesttable.com,,,,,Charlotte,,false,false,,,false,,,,,,Dubois,,,,,,,,,,972-555-1009,Charlotte Dubois,,,,,,,,,,005Ws000003miUrIAI,972-555-2009,/services/images/photo/003Ws000008VfX1IAK,,012Ws000000xYfBIAU,,,Farm-to-Table Specialist,
003Ws000008VfX2IAK,001Ws00003av0RlIAI,,,,,,,,,false,carlos.ramirez@metromunch.com,,,,,Carlos,,false,false,,,false,,,,,,Ramirez,,,,,,,,,,972-555-1006,Carlos Ramirez,,,,,,,,,,005Ws000003miUrIAI,972-555-2006,/services/images/photo/003Ws000008VfX2IAK,,012Ws000000xYfBIAU,,,Marketplace Lead,
003Ws000008VfX3IAK,001Ws00003av0RhIAI,,,,,,,,,false,james.patel@savorystreet.com,,,,,James,,false,false,,,false,,,,,,Patel,,,,,,,,,,469-555-1002,James Patel,,,,,,,,,,005Ws000003miUrIAI,469-555-2002,/services/images/photo/003Ws000008VfX3IAK,,012Ws000000xYfBIAU,,,Store Manager,
003Ws000008VfX4IAK,001Ws00003av0RgIAI,,,,,,,,,false,maria.gomez@urbaneats.com,,,,,Maria,,false,false,,,false,,,,,,Gomez,,,,,,,,,,214-555-1001,Maria Gomez,,,,,,,,,,005Ws000003miUrIAI,214-555-2001,/services/images/photo/003Ws000008VfX4IAK,,012Ws000000xYfBIAU,,,Regional Manager,
003Ws000008YFEYIA4,001Ws00003b5HNxIAM,,,2064-03-13,,,,,,false,rmacvay0@reverbnation.com,,,Chicken,,Rudolf,Male,false,false,2023964118,,false,,,,,,MacVay,Corporate Booking,Washington,United States,,,,20016,District of Columbia,434 Lunder Pass,1157946325,Rudolf MacVay,,,,,,,,,,005Ws000003miUrIAI,1845306311,/services/images/photo/003Ws000008YFEYIA4,,012Ws000000xYgnIAE,,,,
003Ws000008YFEZIA4,001Ws00003b5HNyIAM,,,2086-06-08,,,,,,false,jlewing1@amazon.co.jp,,,Spanish,,Jonathan,Male,false,false,8089993973,,false,,,,,,Lewing,Corporate Booking,Honolulu,United States,,,,96850,Hawaii,41 Spenser Trail,3637993315,Jonathan Lewing,,,,,,,,,,005Ws000003miUrIAI,9166323595,/services/images/photo/003Ws000008YFEZIA4,,012Ws000000xYgnIAE,,,,
003Ws000008YFEaIAO,001Ws00003b5HNzIAM,,,2042-04-15,,,,,,false,sseiler2@alibaba.com,,,Pancakes,,Susie,Female,false,false,2104009068,,false,,,,,,Seiler,Corporate Booking,San Antonio,United States,,,,78278,Texas,01782 Sommers Crossing,4293712882,Susie Seiler,,,,,,,,,,005Ws000003miUrIAI,5188519076,/services/images/photo/003Ws000008YFEaIAO,,012Ws000000xYgnIAE,,,,
003Ws000008YFEbIAO,001Ws00003b5HO0IAM,,,2045-04-01,,,,,,false,jgadault3@pagesperso-orange.fr,,,South African,,Jess,Female,false,false,7035017845,,false,,,,,,Gadault,Direct Mail,Washington,United States,,,,20016,District of Columbia,82623 Melvin Court,6224875814,Jess Gadault,,,,,,,,,,005Ws000003miUrIAI,7189497955,/services/images/photo/003Ws000008YFEbIAO,,012Ws000000xYgnIAE,,,,
003Ws000008YFEcIAO,001Ws00003b5HO1IAM,,,2072-09-10,,,,,,false,cpigford4@w3.org,,,Comfort Food,,Candace,Agender,false,false,8087625440,,false,,,,,,Pigford,Online Travel Agent,Honolulu,United States,,,,96825,Hawaii,61674 Fremont Plaza,5205356636,Candace Pigford,,,,,,,,,,005Ws000003miUrIAI,3354066471,/services/images/photo/003Ws000008YFEcIAO,,012Ws000000xYgnIAE,,,,
003Ws000008YFEdIAO,001Ws00003b5HO2IAM,,,2095-04-13,,,,,,false,dpetrulis5@engadget.com,,,Vegetarian,,Delmer,Male,false,false,6464434747,,false,,,,,,Petrulis,Word of mouth,New York City,United States,,,,10270,New York,25777 Artisan Point,7029167987,Delmer Petrulis,,,,,,,,,,005Ws000003miUrIAI,8028343827,/services/images/photo/003Ws000008YFEdIAO,,012Ws000000xYgnIAE,,,,
003Ws000008YFEeIAO,001Ws00003b5HO3IAM,,,2062-07-31,,,,,,false,mdorcey6@ox.ac.uk,,,Tex-Mex,,Murdoch,Genderqueer,false,false,5157595665,,false,,,,,,Dorcey,Word of mouth,Des Moines,United States,,,,50981,Iowa,51039 Golf Alley,5523723327,Murdoch Dorcey,,,,,,,,,,005Ws000003miUrIAI,2397585678,/services/images/photo/003Ws000008YFEeIAO,,012Ws000000xYgnIAE,,,,
003Ws000008YFEfIAO,001Ws00003b5HO4IAM,,,2045-05-11,,,,,,false,astebbings7@feedburner.com,,,BBQ,,Annabella,Female,false,false,3176106460,,false,,,,,,Stebbings,Online Travel Agent,Indianapolis,United States,,,,46254,Indiana,67 Birchwood Court,8898811198,Annabella Stebbings,,,,,,,,,,005Ws000003miUrIAI,1285357744,/services/images/photo/003Ws000008YFEfIAO,,012Ws000000xYgnIAE,,,,
003Ws000008YFEgIAO,001Ws00003b5HO5IAM,,,2060-09-27,,,,,,false,loliva8@sbwire.com,,,Hot Dogs,,Leola,Female,false,false,3035689310,,false,,,,,,Oliva,Corporate Booking,Denver,United States,,,,80243,Colorado,2123 Amoth Park,6187792203,Leola Oliva,,,,,,,,,,005Ws000003miUrIAI,8188200253,/services/images/photo/003Ws000008YFEgIAO,,012Ws000000xYgnIAE,,,,
003Ws000008YFEhIAO,001Ws00003b5HO6IAM,,,2091-03-25,,,,,,false,sdabner9@purevolume.com,,,Ukrainian,,Saidee,Female,false,false,6108553657,,false,,,,,,Dabner,Advertisement,Allentown,United States,,,,18105,Pennsylvania,887 School Avenue,2103433483,Saidee Dabner,,,,,,,,,,005Ws000003miUrIAI,8794074329,/services/images/photo/003Ws000008YFEhIAO,,012Ws000000xYgnIAE,,,,
003Ws000008YFEiIAO,001Ws00003b5HO7IAM,,,2090-03-21,,,,,,false,sdomonea@vistaprint.com,,,Cajun,,Stephana,Female,false,false,7733134755,,false,,,,,,Domone,Word of mouth,Chicago,United States,,,,60624,Illinois,23379 Macpherson Junction,2328987448,Stephana Domone,,,,,,,,,,005Ws000003miUrIAI,6152615985,/services/images/photo/003Ws000008YFEiIAO,,012Ws000000xYgnIAE,,,,
003Ws000008YFEjIAO,001Ws00003b5HO8IAM,,,2046-06-19,,,,,,false,wpowerb@phoca.cz,,,Cajun,,Wadsworth,Male,false,false,3203908162,,false,,,,,,Power,Advertisement,Saint Cloud,United States,,,,56372,Minnesota,3250 Golden Leaf Street,7648755767,Wadsworth Power,,,,,,,,,,005Ws000003miUrIAI,4166097014,/services/images/photo/003Ws000008YFEjIAO,,012Ws000000xYgnIAE,,,,
003Ws000008YFEkIAO,001Ws00003b5HO9IAM,,,2040-02-29,,,,,,false,spreddlec@dot.gov,,,Wraps,,Steffi,Female,false,false,2038049723,,false,,,,,,Preddle,Web,Norwalk,United States,,,,6854,Connecticut,147 Bashford Pass,8142621933,Steffi Preddle,,,,,,,,,,005Ws000003miUrIAI,1424477982,/services/images/photo/003Ws000008YFEkIAO,,012Ws000000xYgnIAE,,,,
003Ws000008YFElIAO,001Ws00003b5HOAIA2,,,2053-01-26,,,,,,false,cstquintind@thetimes.co.uk,,,Steakhouse,,Cora,Female,false,false,7737182312,,false,,,,,,St. Quintin,Online Travel Agent,Chicago,United States,,,,60609,Illinois,476 Eliot Parkway,5647602282,Cora St. Quintin,,,,,,,,,,005Ws000003miUrIAI,3565018469,/services/images/photo/003Ws000008YFElIAO,,012Ws000000xYgnIAE,,,,
003Ws000008YFEmIAO,001Ws00003b5HOBIA2,,,2070-06-04,,,,,,false,gformanf@nbcnews.com,,,Tapas,,Garrik,Male,false,false,7061517488,,false,,,,,,Forman,Direct Mail,Columbus,United States,,,,31998,Georgia,1 Bartelt Lane,8607036747,Garrik Forman,,,,,,,,,,005Ws000003miUrIAI,1374236053,/services/images/photo/003Ws000008YFEmIAO,,012Ws000000xYgnIAE,,,,
003Ws000008YFEnIAO,001Ws00003b5HOCIA2,,,2036-08-26,,,,,,false,ntidboldg@mit.edu,,,Soul Food,,Nathan,Male,false,false,8121678673,,false,,,,,,Tidbold,Direct Mail,Jeffersonville,United States,,,,47134,Indiana,307 Blaine Way,1653155059,Nathan Tidbold,,,,,,,,,,005Ws000003miUrIAI,2891854176,/services/images/photo/003Ws000008YFEnIAO,,012Ws000000xYgnIAE,,,,
003Ws000008YFEoIAO,001Ws00003b5HODIA2,,,2091-09-20,,,,,,false,asommersh@bloomberg.com,,,Malaysian,,Anton,Male,false,false,3046479690,,false,,,,,,Sommers,Travel Agency,Huntington,United States,,,,25709,West Virginia,8 Schlimgen Point,1212113035,Anton Sommers,,,,,,,,,,005Ws000003miUrIAI,4437830845,/services/images/photo/003Ws000008YFEoIAO,,012Ws000000xYgnIAE,,,,
003Ws000008YFEpIAO,001Ws00003b5HOEIA2,,,2041-01-15,,,,,,false,cchatelaini@netlog.com,,,Soup,,Cahra,Bigender,false,false,2021239185,,false,,,,,,Chatelain,Online Travel Agent,Washington,United States,,,,20546,District of Columbia,4620 Namekagon Drive,9672494643,Cahra Chatelain,,,,,,,,,,005Ws000003miUrIAI,5188705332,/services/images/photo/003Ws000008YFEpIAO,,012Ws000000xYgnIAE,,,,
003Ws000008YFEqIAO,001Ws00003b5HOFIA2,,,2001-07-18,,,,,,false,gmaryetj@bbc.co.uk,,,Pasta,,Giacopo,Male,false,false,3187466804,,false,,,,,,Maryet,Travel Agency,Shreveport,United States,,,,71151,Louisiana,6 Harbort Drive,3637554336,Giacopo Maryet,,,,,,,,,,005Ws000003miUrIAI,3972872544,/services/images/photo/003Ws000008YFEqIAO,,012Ws000000xYgnIAE,,,,
003Ws000008YFErIAO,001Ws00003b5HOGIA2,,,2068-05-30,,,,,,false,wkristofk@example.com,,,Bakery,,Waring,Male,false,false,2026653095,,false,,,,,,Kristof,Web,Washington,United States,,,,20404,District of Columbia,8 Chinook Way,4351019719,Waring Kristof,,,,,,,,,,005Ws000003miUrIAI,2656387519,/services/images/photo/003Ws000008YFErIAO,,012Ws000000xYgnIAE,,,,
003Ws000008YFEsIAO,001Ws00003b5HOHIA2,,,2047-08-31,,,,,,false,egallardol@kickstarter.com,,,French,,Eugenia,Female,false,false,4782665839,,false,,,,,,Gallardo,Online Travel Agent,Macon,United States,,,,31205,Georgia,6717 Alpine Drive,8256239171,Eugenia Gallardo,,,,,,,,,,005Ws000003miUrIAI,2638484740,/services/images/photo/003Ws000008YFEsIAO,,012Ws000000xYgnIAE,,,,
003Ws000008YFEtIAO,001Ws00003b5HOIIA2,,,2093-08-23,,,,,,false,whaylerm@yahoo.co.jp,,,Steakhouse,,Winnie,Male,false,false,2105042732,,false,,,,,,Hayler,Online Travel Agent,San Antonio,United States,,,,78215,Texas,37007 Mitchell Court,2719141731,Winnie Hayler,,,,,,,,,,005Ws000003miUrIAI,5767275739,/services/images/photo/003Ws000008YFEtIAO,,012Ws000000xYgnIAE,,,,
003Ws000008YFEuIAO,001Ws00003b5HOJIA2,,,2099-10-16,,,,,,false,lcastlaken@cdc.gov,,,Pancakes,,L;urette,Female,false,false,5853906536,,false,,,,,,Castlake,Web,Rochester,United States,,,,14683,New York,0 3rd Park,8567764517,L;urette Castlake,,,,,,,,,,005Ws000003miUrIAI,9395059908,/services/images/photo/003Ws000008YFEuIAO,,012Ws000000xYgnIAE,,,,
003Ws000008YFEvIAO,001Ws00003b5HOKIA2,,,2044-10-06,,,,,,false,mzoephelo@yolasite.com,,,Scandinavian,,Morton,Male,false,false,8648958708,,false,,,,,,Zoephel,Advertisement,Greenville,United States,,,,29605,South Carolina,2 Lukken Drive,6585235506,Morton Zoephel,,,,,,,,,,005Ws000003miUrIAI,2905211476,/services/images/photo/003Ws000008YFEvIAO,,012Ws000000xYgnIAE,,,,
003Ws000008YFEwIAO,001Ws00003b5HOLIA2,,,2082-06-15,,,,,,false,dheartp@stumbleupon.com,,,Vietnamese,,Delmor,Male,false,false,3049329107,,false,,,,,,Heart,Advertisement,Charleston,United States,,,,25336,West Virginia,9 Pleasure Alley,5946594872,Delmor Heart,,,,,,,,,,005Ws000003miUrIAI,7606880554,/services/images/photo/003Ws000008YFEwIAO,,012Ws000000xYgnIAE,,,,
003Ws000008YFExIAO,001Ws00003b5HOMIA2,,,2040-02-12,,,,,,false,whousamanq@livejournal.com,,,Irish,,Witty,Bigender,false,false,3141092347,,false,,,,,,Housaman,Travel Agency,Saint Louis,United States,,,,63180,Missouri,7510 Algoma Avenue,1434991153,Witty Housaman,,,,,,,,,,005Ws000003miUrIAI,2259223129,/services/images/photo/003Ws000008YFExIAO,,012Ws000000xYgnIAE,,,,
003Ws000008YFEyIAO,001Ws00003b5HONIA2,,,2060-07-28,,,,,,false,rabarrowr@independent.co.uk,,,Irish,,Rubia,Female,false,false,5137188130,,false,,,,,,A'Barrow,Travel Agency,Cincinnati,United States,,,,45249,Ohio,8422 Mockingbird Hill,3723974508,Rubia A'Barrow,,,,,,,,,,005Ws000003miUrIAI,6739183558,/services/images/photo/003Ws000008YFEyIAO,,012Ws000000xYgnIAE,,,,
003Ws000008YFEzIAO,001Ws00003b5HOOIA2,,,2054-05-24,,,,,,false,cmarleys@mapy.cz,,,Bagels,,Curcio,Bigender,false,false,3034550068,,false,,,,,,Marley,Word of mouth,Denver,United States,,,,80291,Colorado,4708 Lillian Plaza,2968896832,Curcio Marley,,,,,,,,,,005Ws000003miUrIAI,9419149003,/services/images/photo/003Ws000008YFEzIAO,,012Ws000000xYgnIAE,,,,
003Ws000008YFF0IAO,001Ws00003b5HOPIA2,,,2036-10-13,,,,,,false,strathenu@yale.edu,,,Russian,,Shelby,Male,false,false,8048800132,,false,,,,,,Trathen,Advertisement,Richmond,United States,,,,23285,Virginia,2 Pearson Court,8399404588,Shelby Trathen,,,,,,,,,,005Ws000003miUrIAI,8575095111,/services/images/photo/003Ws000008YFF0IAO,,012Ws000000xYgnIAE,,,,
003Ws000008YFF1IAO,001Ws00003b5HOQIA2,,,2065-07-16,,,,,,false,mbassindalev@stumbleupon.com,,,Korean,,Marta,Genderfluid,false,false,3017996604,,false,,,,,,Bassindale,Web,Hyattsville,United States,,,,20784,Maryland,4328 Crowley Parkway,4575553976,Marta Bassindale,,,,,,,,,,005Ws000003miUrIAI,9406213452,/services/images/photo/003Ws000008YFF1IAO,,012Ws000000xYgnIAE,,,,
003Ws000008YFF2IAO,001Ws00003b5HORIA2,,,2061-10-10,,,,,,false,askupinskiw@si.edu,,,Donuts,,Aldridge,Male,false,false,2023535687,,false,,,,,,Skupinski,Word of mouth,Washington,United States,,,,20535,District of Columbia,752 Laurel Way,1963716512,Aldridge Skupinski,,,,,,,,,,005Ws000003miUrIAI,5158452321,/services/images/photo/003Ws000008YFF2IAO,,012Ws000000xYgnIAE,,,,
003Ws000008YFF3IAO,001Ws00003b5HOSIA2,,,2099-04-23,,,,,,false,bantragx@tinyurl.com,,,Pakistani,,Boyce,Male,false,false,7137091276,,false,,,,,,Antrag,Travel Agency,Houston,United States,,,,77299,Texas,77006 Raven Point,1601046025,Boyce Antrag,,,,,,,,,,005Ws000003miUrIAI,6166083738,/services/images/photo/003Ws000008YFF3IAO,,012Ws000000xYgnIAE,,,,
003Ws000008YFF4IAO,001Ws00003b5HOTIA2,,,2001-05-12,,,,,,false,mdowney@si.edu,,,Tandoori,,Mureil,Female,false,false,2028091199,,false,,,,,,Downe,Travel Agency,Washington,United States,,,,20210,District of Columbia,43 Anhalt Center,2763377613,Mureil Downe,,,,,,,,,,005Ws000003miUrIAI,6957168010,/services/images/photo/003Ws000008YFF4IAO,,012Ws000000xYgnIAE,,,,
003Ws000008YFF5IAO,001Ws00003b5HOUIA2,,,2045-02-08,,,,,,false,dbriantz@kickstarter.com,,,Donuts,,Dore,Male,false,false,2126425013,,false,,,,,,Briant,Direct Mail,New York City,United States,,,,10009,New York,0964 Meadow Ridge Plaza,4362519264,Dore Briant,,,,,,,,,,005Ws000003miUrIAI,1654042321,/services/images/photo/003Ws000008YFF5IAO,,012Ws000000xYgnIAE,,,,
003Ws000008YFF6IAO,001Ws00003b5HOVIA2,,,2058-05-01,,,,,,false,msidden10@bravesites.com,,,Fondue,,Miguel,Male,false,false,5121991703,,false,,,,,,Sidden,Corporate Booking,Austin,United States,,,,78715,Texas,31887 Sycamore Street,3454692109,Miguel Sidden,,,,,,,,,,005Ws000003miUrIAI,7967724982,/services/images/photo/003Ws000008YFF6IAO,,012Ws000000xYgnIAE,,,,
003Ws000008YFF7IAO,001Ws00003b5HOWIA2,,,2003-04-13,,,,,,false,wsilcox11@sourceforge.net,,,Italian,,Worth,Male,false,false,3301696756,,false,,,,,,Silcox,Travel Agency,Warren,United States,,,,44485,Ohio,046 Elka Circle,3832363256,Worth Silcox,,,,,,,,,,005Ws000003miUrIAI,8835378267,/services/images/photo/003Ws000008YFF7IAO,,012Ws000000xYgnIAE,,,,
003Ws000008YFF8IAO,001Ws00003b5HOXIA2,,,2048-01-28,,,,,,false,cmacintyre12@vinaora.com,,,Bubble Tea,,Calley,Female,false,false,8153574158,,false,,,,,,MacIntyre,Online Travel Agent,Joliet,United States,,,,60435,Illinois,848 Maywood Alley,9949679039,Calley MacIntyre,,,,,,,,,,005Ws000003miUrIAI,1412280183,/services/images/photo/003Ws000008YFF8IAO,,012Ws000000xYgnIAE,,,,
003Ws000008YFF9IAO,001Ws00003b5HOYIA2,,,2050-06-02,,,,,,false,lhargess13@surveymonkey.com,,,Irish,,Lindi,Female,false,false,5205579805,,false,,,,,,Hargess,Online Travel Agent,Tucson,United States,,,,85754,Arizona,49676 5th Center,1545606626,Lindi Hargess,,,,,,,,,,005Ws000003miUrIAI,1265415018,/services/images/photo/003Ws000008YFF9IAO,,012Ws000000xYgnIAE,,,,
003Ws000008YFFAIA4,001Ws00003b5HOZIA2,,,2057-12-06,,,,,,false,pbatrick14@jugem.jp,,,French Fries,,Peyton,Male,false,false,7198933064,,false,,,,,,Batrick,Word of mouth,Colorado Springs,United States,,,,80945,Colorado,30 Knutson Road,7199685144,Peyton Batrick,,,,,,,,,,005Ws000003miUrIAI,2489420989,/services/images/photo/003Ws000008YFFAIA4,,012Ws000000xYgnIAE,,,,
003Ws000008YFFBIA4,001Ws00003b5HObIAM,,,2042-01-12,,,,,,false,nwinders16@exblog.jp,,,Indian,,Neale,Male,false,false,2022557362,,false,,,,,,Winders,Travel Agency,Washington,United States,,,,20022,District of Columbia,0 Linden Court,3556383306,Neale Winders,,,,,,,,,,005Ws000003miUrIAI,9388692783,/services/images/photo/003Ws000008YFFBIA4,,012Ws000000xYgnIAE,,,,
003Ws000008YFFCIA4,001Ws00003b5HOcIAM,,,2067-07-31,,,,,,false,mmore17@dion.ne.jp,,,Indian,,Mordecai,Male,false,false,3103616092,,false,,,,,,More,Word of mouth,Fresno,United States,,,,93762,California,42 Packers Park,6581233559,Mordecai More,,,,,,,,,,005Ws000003miUrIAI,8165076593,/services/images/photo/003Ws000008YFFCIA4,,012Ws000000xYgnIAE,,,,
003Ws000008YFFDIA4,001Ws00003b5HOdIAM,,,2095-05-29,,,,,,false,dpantry19@reddit.com,,,Kebabs,,Diane-marie,Female,false,false,4197774546,,false,,,,,,Pantry,Word of mouth,Toledo,United States,,,,43615,Ohio,252 Hansons Avenue,5997009940,Diane-marie Pantry,,,,,,,,,,005Ws000003miUrIAI,2451571118,/services/images/photo/003Ws000008YFFDIA4,,012Ws000000xYgnIAE,,,,
003Ws000008YFFEIA4,001Ws00003b5HOeIAM,,,2052-07-16,,,,,,false,fyeliashev1a@goodreads.com,,,Mexican,,Ferdinanda,Female,false,false,9016635781,,false,,,,,,Yeliashev,Corporate Booking,Memphis,United States,,,,38126,Tennessee,7796 Claremont Circle,6261676135,Ferdinanda Yeliashev,,,,,,,,,,005Ws000003miUrIAI,4963928358,/services/images/photo/003Ws000008YFFEIA4,,012Ws000000xYgnIAE,,,,
003Ws000008YFFFIA4,001Ws00003b5HOfIAM,,,2062-08-09,,,,,,false,avinnicombe1b@ebay.co.uk,,,Coffee and Tea,,Aubrie,Female,false,false,3055159746,,false,,,,,,Vinnicombe,Direct Mail,Hollywood,United States,,,,33023,Florida,8 Main Drive,5773116817,Aubrie Vinnicombe,,,,,,,,,,005Ws000003miUrIAI,5587025058,/services/images/photo/003Ws000008YFFFIA4,,012Ws000000xYgnIAE,,,,
003Ws000008YFFGIA4,001Ws00003b5HOgIAM,,,2096-11-12,,,,,,false,kelix1c@hostgator.com,,,Chicken,,Kara-lynn,Female,false,false,4323123205,,false,,,,,,Elix,Direct Mail,Midland,United States,,,,79705,Texas,61663 Doe Crossing Court,9812852934,Kara-lynn Elix,,,,,,,,,,005Ws000003miUrIAI,9298115920,/services/images/photo/003Ws000008YFFGIA4,,012Ws000000xYgnIAE,,,,
003Ws000008YFFHIA4,001Ws00003b5HOhIAM,,,2043-02-16,,,,,,false,djillings1d@alexa.com,,,American,,Darcey,Female,false,false,7193691406,,false,,,,,,Jillings,Advertisement,Colorado Springs,United States,,,,80920,Colorado,02744 Cherokee Center,3947895582,Darcey Jillings,,,,,,,,,,005Ws000003miUrIAI,8285511114,/services/images/photo/003Ws000008YFFHIA4,,012Ws000000xYgnIAE,,,,
003Ws000008YFFIIA4,001Ws00003b5HOiIAM,,,2072-10-23,,,,,,false,rozintsev1e@odnoklassniki.ru,,,Tapas,,Raquel,Female,false,false,8024836,,false,,,,,,Ozintsev,Word of mouth,Pittsburgh,United States,,,,15266,Pennsylvania,8308 Pearson Pass,1248683507,Raquel Ozintsev,,,,,,,,,,005Ws000003miUrIAI,5556395992,/services/images/photo/003Ws000008YFFIIA4,,012Ws000000xYgnIAE,,,,
003Ws000008YFFJIA4,001Ws00003b5HOjIAM,,,2067-02-03,,,,,,false,bkondratenya1f@zimbio.com,,,Chinese,,Brod,Male,false,false,3367822003,,false,,,,,,Kondratenya,Word of mouth,Winston Salem,United States,,,,27150,North Carolina,42 6th Road,5681270054,Brod Kondratenya,,,,,,,,,,005Ws000003miUrIAI,9554136042,/services/images/photo/003Ws000008YFFJIA4,,012Ws000000xYgnIAE,,,,
003Ws000008YFFKIA4,001Ws00003b5HOkIAM,,,2051-03-25,,,,,,false,zflooks1g@rediff.com,,,Hot Dogs,,Zach,Male,false,false,7862932787,,false,,,,,,Flooks,Direct Mail,Miami,United States,,,,33129,Florida,44388 Tennyson Crossing,7693072542,Zach Flooks,,,,,,,,,,005Ws000003miUrIAI,2373907975,/services/images/photo/003Ws000008YFFKIA4,,012Ws000000xYgnIAE,,,,
003Ws000008YFFLIA4,001Ws00003b5HOlIAM,,,2051-08-02,,,,,,false,zhugonin1h@ed.gov,,,Pretzels,,Zane,Bigender,false,false,5406677694,,false,,,,,,Hugonin,Corporate Booking,Roanoke,United States,,,,24048,Virginia,74088 Myrtle Alley,8837938017,Zane Hugonin,,,,,,,,,,005Ws000003miUrIAI,5939119108,/services/images/photo/003Ws000008YFFLIA4,,012Ws000000xYgnIAE,,,,
003Ws000008YFFMIA4,001Ws00003b5HOmIAM,,,2076-12-18,,,,,,false,bmacquire1i@dedecms.com,,,Noodles,,Beitris,Female,false,false,3151054430,,false,,,,,,Macquire,Corporate Booking,Rochester,United States,,,,14614,New York,7 Warrior Street,4758962029,Beitris Macquire,,,,,,,,,,005Ws000003miUrIAI,5235657753,/services/images/photo/003Ws000008YFFMIA4,,012Ws000000xYgnIAE,,,,
003Ws000008YFFNIA4,001Ws00003b5HOnIAM,,,2089-10-15,,,,,,false,fminard1j@angelfire.com,,,Fried Chicken,,Faythe,Female,false,false,7182951434,,false,,,,,,Minard,Word of mouth,Brooklyn,United States,,,,11205,New York,59737 Redwing Lane,5404209684,Faythe Minard,,,,,,,,,,005Ws000003miUrIAI,8144983553,/services/images/photo/003Ws000008YFFNIA4,,012Ws000000xYgnIAE,,,,
003Ws000008YFFOIA4,001Ws00003b5HOoIAM,,,2067-08-20,,,,,,false,bweddell1k@cargocollective.com,,,Steakhouse,,Barbara-anne,Female,false,false,7149453845,,false,,,,,,Weddell,Travel Agency,Fullerton,United States,,,,92640,California,03 Bayside Street,4237475232,Barbara-anne Weddell,,,,,,,,,,005Ws000003miUrIAI,5692143194,/services/images/photo/003Ws000008YFFOIA4,,012Ws000000xYgnIAE,,,,
003Ws000008YFFPIA4,001Ws00003b5HOpIAM,,,2084-11-29,,,,,,false,scuolahan1l@desdev.cn,,,Tacos,,Silvain,Male,false,false,2394495388,,false,,,,,,Cuolahan,Travel Agency,Naples,United States,,,,34108,Florida,763 Warrior Hill,7261718027,Silvain Cuolahan,,,,,,,,,,005Ws000003miUrIAI,7263600723,/services/images/photo/003Ws000008YFFPIA4,,012Ws000000xYgnIAE,,,,
003Ws000008YFFQIA4,001Ws00003b5HOqIAM,,,2047-09-15,,,,,,false,gbalwin1m@webnode.com,,,Indian,,Gage,Male,false,false,8164301382,,false,,,,,,Balwin,Web,Kansas City,United States,,,,64136,Missouri,077 Spaight Lane,6069187428,Gage Balwin,,,,,,,,,,005Ws000003miUrIAI,6374051944,/services/images/photo/003Ws000008YFFQIA4,,012Ws000000xYgnIAE,,,,
003Ws000008YFFRIA4,001Ws00003b5HOrIAM,,,2000-03-22,,,,,,false,dbuckthorpe1o@dot.gov,,,Soul Food,,Dulce,Female,false,false,4238502716,,false,,,,,,Buckthorpe,Advertisement,Chattanooga,United States,,,,37410,Tennessee,74 Village Terrace,6341491494,Dulce Buckthorpe,,,,,,,,,,005Ws000003miUrIAI,7398852695,/services/images/photo/003Ws000008YFFRIA4,,012Ws000000xYgnIAE,,,,
003Ws000008YFFSIA4,001Ws00003b5HOsIAM,,,2053-10-27,,,,,,false,dbrumble1p@t-online.de,,,Korean,,Deeann,Female,false,false,5714306699,,false,,,,,,Brumble,Advertisement,Alexandria,United States,,,,22313,Virginia,9 Buell Hill,5262242858,Deeann Brumble,,,,,,,,,,005Ws000003miUrIAI,7825809061,/services/images/photo/003Ws000008YFFSIA4,,012Ws000000xYgnIAE,,,,
003Ws000008YFFTIA4,001Ws00003b5HOtIAM,,,2037-08-15,,,,,,false,dgommery1q@princeton.edu,,,BBQ,,Darren,Male,false,false,2025780251,,false,,,,,,Gommery,Word of mouth,Washington,United States,,,,20051,District of Columbia,3 Claremont Plaza,6957752530,Darren Gommery,,,,,,,,,,005Ws000003miUrIAI,1626292364,/services/images/photo/003Ws000008YFFTIA4,,012Ws000000xYgnIAE,,,,
003Ws000008YFFUIA4,001Ws00003b5HOuIAM,,,2052-04-07,,,,,,false,efosberry1r@hatena.ne.jp,,,Shawarma,,Evanne,Agender,false,false,3044844560,,false,,,,,,Fosberry,Corporate Booking,Charleston,United States,,,,25331,West Virginia,2025 Marcy Junction,5139983393,Evanne Fosberry,,,,,,,,,,005Ws000003miUrIAI,9176477334,/services/images/photo/003Ws000008YFFUIA4,,012Ws000000xYgnIAE,,,,
003Ws000008YFFVIA4,001Ws00003b5HOvIAM,,,2079-07-22,,,,,,false,jtaunton1s@paginegialle.it,,,Polish,,Johann,Male,false,false,6191101207,,false,,,,,,Taunton,Advertisement,San Diego,United States,,,,92105,California,868 Portage Alley,6206377689,Johann Taunton,,,,,,,,,,005Ws000003miUrIAI,4066400505,/services/images/photo/003Ws000008YFFVIA4,,012Ws000000xYgnIAE,,,,
003Ws000008YFFWIA4,001Ws00003b5HOwIAM,,,2098-07-12,,,,,,false,bjoisce1t@theglobeandmail.com,,,Wings,,Beltran,Male,false,false,6011477579,,false,,,,,,Joisce,Online Travel Agent,Jackson,United States,,,,39204,Mississippi,1138 East Place,1566014954,Beltran Joisce,,,,,,,,,,005Ws000003miUrIAI,4038409335,/services/images/photo/003Ws000008YFFWIA4,,012Ws000000xYgnIAE,,,,
003Ws000008YFFXIA4,001Ws00003b5HOxIAM,,,2052-12-16,,,,,,false,guc1u@ebay.com,,,Gyro,,Gert,Female,false,false,3019886074,,false,,,,,,Uc,Online Travel Agent,Hyattsville,United States,,,,20784,Maryland,5 Cordelia Point,8363143104,Gert Uc,,,,,,,,,,005Ws000003miUrIAI,7265478521,/services/images/photo/003Ws000008YFFXIA4,,012Ws000000xYgnIAE,,,,
003Ws000008YFFYIA4,001Ws00003b5HOyIAM,,,2093-11-21,,,,,,false,rlearmond1v@washingtonpost.com,,,Ice Cream and Frozen Yogurt,,Reena,Female,false,false,8082781414,,false,,,,,,Learmond,Corporate Booking,Honolulu,United States,,,,96850,Hawaii,7 Lake View Terrace,9154129644,Reena Learmond,,,,,,,,,,005Ws000003miUrIAI,2105384808,/services/images/photo/003Ws000008YFFYIA4,,012Ws000000xYgnIAE,,,,
003Ws000008YFFZIA4,001Ws00003b5HOzIAM,,,2091-03-05,,,,,,false,gwyllt1w@addtoany.com,,,Poke,,Geoff,Male,false,false,9137715663,,false,,,,,,Wyllt,Online Travel Agent,Shawnee Mission,United States,,,,66225,Kansas,608 Sloan Avenue,4311794146,Geoff Wyllt,,,,,,,,,,005Ws000003miUrIAI,6118660737,/services/images/photo/003Ws000008YFFZIA4,,012Ws000000xYgnIAE,,,,
003Ws000008YFFaIAO,001Ws00003b5HP0IAM,,,2069-11-05,,,,,,false,colligan1x@shutterfly.com,,,Mac and Cheese,,Craig,Male,false,false,5741126816,,false,,,,,,Olligan,Online Travel Agent,South Bend,United States,,,,46620,Indiana,2 Myrtle Place,2956771675,Craig Olligan,,,,,,,,,,005Ws000003miUrIAI,2974022361,/services/images/photo/003Ws000008YFFaIAO,,012Ws000000xYgnIAE,,,,
003Ws000008YFFbIAO,001Ws00003b5HP1IAM,,,2087-12-24,,,,,,false,dolenchikov1y@flickr.com,,,Gastropub,,Don,Male,false,false,7721081345,,false,,,,,,Olenchikov,Advertisement,Fort Pierce,United States,,,,34981,Florida,18 Fisk Pass,9136934129,Don Olenchikov,,,,,,,,,,005Ws000003miUrIAI,2748405149,/services/images/photo/003Ws000008YFFbIAO,,012Ws000000xYgnIAE,,,,
003Ws000008YFFcIAO,001Ws00003b5HP2IAM,,,2060-05-18,,,,,,false,lclappson1z@sfgate.com,,,Ramen,,Law,Male,false,false,3041244386,,false,,,,,,Clappson,Direct Mail,Charleston,United States,,,,25362,West Virginia,82708 Elka Plaza,1197555455,Law Clappson,,,,,,,,,,005Ws000003miUrIAI,5769785538,/services/images/photo/003Ws000008YFFcIAO,,012Ws000000xYgnIAE,,,,
003Ws000008YFFdIAO,001Ws00003b5HP3IAM,,,2066-10-01,,,,,,false,bshooter20@latimes.com,,,Pretzels,,Beatrix,Female,false,false,4245213386,,false,,,,,,Shooter,Direct Mail,Los Angeles,United States,,,,90071,California,0 Bay Way,5891873862,Beatrix Shooter,,,,,,,,,,005Ws000003miUrIAI,7881457144,/services/images/photo/003Ws000008YFFdIAO,,012Ws000000xYgnIAE,,,,
003Ws000008YFFeIAO,001Ws00003b5HP4IAM,,,2041-03-27,,,,,,false,kcheson21@globo.com,,,French Fries,,Kathie,Bigender,false,false,4108934724,,false,,,,,,Cheson,Direct Mail,Baltimore,United States,,,,21216,Maryland,99029 Prairieview Road,5794673896,Kathie Cheson,,,,,,,,,,005Ws000003miUrIAI,7168259339,/services/images/photo/003Ws000008YFFeIAO,,012Ws000000xYgnIAE,,,,
003Ws000008YFFfIAO,001Ws00003b5HP5IAM,,,2059-09-19,,,,,,false,obraam23@goo.ne.jp,,,French Fries,,Omar,Male,false,false,9192487441,,false,,,,,,Braam,Advertisement,Durham,United States,,,,27717,North Carolina,7275 Packers Point,4645752939,Omar Braam,,,,,,,,,,005Ws000003miUrIAI,2492258614,/services/images/photo/003Ws000008YFFfIAO,,012Ws000000xYgnIAE,,,,
003Ws000008YFFgIAO,001Ws00003b5HP6IAM,,,2060-04-07,,,,,,false,rhewell24@altervista.org,,,Fondue,,Rosalinda,Female,false,false,7631811468,,false,,,,,,Hewell,Word of mouth,Minneapolis,United States,,,,55441,Minnesota,2 Almo Crossing,1257500891,Rosalinda Hewell,,,,,,,,,,005Ws000003miUrIAI,3525898792,/services/images/photo/003Ws000008YFFgIAO,,012Ws000000xYgnIAE,,,,
003Ws000008YFFhIAO,001Ws00003b5HP7IAM,,,2054-12-19,,,,,,false,cliveing25@china.com.cn,,,Crepes,,Chick,Male,false,false,5734348633,,false,,,,,,Liveing,Online Travel Agent,Jefferson City,United States,,,,65105,Missouri,348 Raven Alley,3266779295,Chick Liveing,,,,,,,,,,005Ws000003miUrIAI,8188822028,/services/images/photo/003Ws000008YFFhIAO,,012Ws000000xYgnIAE,,,,
003Ws000008YFFiIAO,001Ws00003b5HP8IAM,,,2037-04-02,,,,,,false,gmarriott26@scribd.com,,,Cajun,,Gennie,Bigender,false,false,5132420985,,false,,,,,,Marriott,Online Travel Agent,Columbus,United States,,,,43215,Ohio,78 Brown Center,8341851195,Gennie Marriott,,,,,,,,,,005Ws000003miUrIAI,9237255733,/services/images/photo/003Ws000008YFFiIAO,,012Ws000000xYgnIAE,,,,
003Ws000008YFFjIAO,001Ws00003b5HP9IAM,,,2059-01-30,,,,,,false,colivetti27@purevolume.com,,,Korean,,Caro,Female,false,false,2519329303,,false,,,,,,Olivetti,Advertisement,Mobile,United States,,,,36641,Alabama,38758 Golden Leaf Drive,3816240608,Caro Olivetti,,,,,,,,,,005Ws000003miUrIAI,2163956483,/services/images/photo/003Ws000008YFFjIAO,,012Ws000000xYgnIAE,,,,
003Ws000008YFFkIAO,001Ws00003b5HPAIA2,,,2081-12-25,,,,,,false,wmcdonough28@phpbb.com,,,Tapas,,Wolfie,Male,false,false,4237530348,,false,,,,,,McDonough,Corporate Booking,Chattanooga,United States,,,,37410,Tennessee,2665 Stang Terrace,5673508241,Wolfie McDonough,,,,,,,,,,005Ws000003miUrIAI,3561610758,/services/images/photo/003Ws000008YFFkIAO,,012Ws000000xYgnIAE,,,,
003Ws000008YFFlIAO,001Ws00003b5HPBIA2,,,2081-04-30,,,,,,false,gferney29@sitemeter.com,,,Hot Dogs,,Geralda,Female,false,false,3179808997,,false,,,,,,Ferney,Travel Agency,Indianapolis,United States,,,,46295,Indiana,5 Larry Center,7097981726,Geralda Ferney,,,,,,,,,,005Ws000003miUrIAI,1708541888,/services/images/photo/003Ws000008YFFlIAO,,012Ws000000xYgnIAE,,,,
003Ws000008YFFmIAO,001Ws00003b5HPCIA2,,,2094-03-17,,,,,,false,tfussey2a@friendfeed.com,,,Italian,,Thomasine,Female,false,false,8502301395,,false,,,,,,Fussey,Corporate Booking,Pensacola,United States,,,,32590,Florida,0 Redwing Point,8183627255,Thomasine Fussey,,,,,,,,,,005Ws000003miUrIAI,2206350944,/services/images/photo/003Ws000008YFFmIAO,,012Ws000000xYgnIAE,,,,
003Ws000008YFFnIAO,001Ws00003b5HPDIA2,,,2074-06-01,,,,,,false,cshergill2b@hud.gov,,,Tea Room,,Catriona,Female,false,false,8015347076,,false,,,,,,Shergill,Direct Mail,Salt Lake City,United States,,,,84170,Utah,77 Rowland Street,1662063824,Catriona Shergill,,,,,,,,,,005Ws000003miUrIAI,6592113885,/services/images/photo/003Ws000008YFFnIAO,,012Ws000000xYgnIAE,,,,
003Ws000008YFFoIAO,001Ws00003b5HPEIA2,,,2002-06-11,,,,,,false,ciuorio2c@geocities.jp,,,Pizza,,Chelsae,Female,false,false,9159730528,,false,,,,,,Iuorio,Corporate Booking,El Paso,United States,,,,79934,Texas,526 Arkansas Trail,1615345870,Chelsae Iuorio,,,,,,,,,,005Ws000003miUrIAI,3704944639,/services/images/photo/003Ws000008YFFoIAO,,012Ws000000xYgnIAE,,,,
003Ws000008YFFpIAO,001Ws00003b5HPFIA2,,,2099-04-30,,,,,,false,bklaussen2d@buzzfeed.com,,,Bakery,,Briana,Female,false,false,4233271006,,false,,,,,,Klaussen,Word of mouth,Chattanooga,United States,,,,37410,Tennessee,54 Division Circle,6012649399,Briana Klaussen,,,,,,,,,,005Ws000003miUrIAI,2178580144,/services/images/photo/003Ws000008YFFpIAO,,012Ws000000xYgnIAE,,,,
003Ws000008YFFqIAO,001Ws00003b5HPGIA2,,,2000-07-03,,,,,,false,ddecroix2e@cmu.edu,,,Asian Fusion,,Delmore,Male,false,false,4026188817,,false,,,,,,Decroix,Web,Omaha,United States,,,,68164,Nebraska,7094 Tennessee Circle,5686604824,Delmore Decroix,,,,,,,,,,005Ws000003miUrIAI,8279280724,/services/images/photo/003Ws000008YFFqIAO,,012Ws000000xYgnIAE,,,,
003Ws000008YFFrIAO,001Ws00003b5HPHIA2,,,2066-08-28,,,,,,false,llieber2f@studiopress.com,,,Poke,,Leeann,Female,false,false,6462890181,,false,,,,,,Lieber,Travel Agency,New York City,United States,,,,10175,New York,1 Green Junction,8282165774,Leeann Lieber,,,,,,,,,,005Ws000003miUrIAI,1249140518,/services/images/photo/003Ws000008YFFrIAO,,012Ws000000xYgnIAE,,,,
003Ws000008YFFsIAO,001Ws00003b5HPIIA2,,,2038-10-29,,,,,,false,ajansky2g@stumbleupon.com,,,Barbecue,,Ashlie,Female,false,false,2024123424,,false,,,,,,Jansky,Word of mouth,Washington,United States,,,,20380,District of Columbia,9 Oak Park,9602006114,Ashlie Jansky,,,,,,,,,,005Ws000003miUrIAI,2981469530,/services/images/photo/003Ws000008YFFsIAO,,012Ws000000xYgnIAE,,,,
003Ws000008YFFtIAO,001Ws00003b5HPJIA2,,,2080-02-07,,,,,,false,semmerson2i@redcross.org,,,Italian,,Stanfield,Genderfluid,false,false,5138795417,,false,,,,,,Emmerson,Advertisement,Cincinnati,United States,,,,45249,Ohio,3 Buena Vista Point,8919710298,Stanfield Emmerson,,,,,,,,,,005Ws000003miUrIAI,5345797684,/services/images/photo/003Ws000008YFFtIAO,,012Ws000000xYgnIAE,,,,
003Ws000008YFFuIAO,001Ws00003b5HPKIA2,,,2064-01-25,,,,,,false,sstrahan2j@psu.edu,,,Tea Room,,Stormy,Female,false,false,5021728782,,false,,,,,,Strahan,Word of mouth,Louisville,United States,,,,40298,Kentucky,968 Algoma Pass,7421762069,Stormy Strahan,,,,,,,,,,005Ws000003miUrIAI,4057269332,/services/images/photo/003Ws000008YFFuIAO,,012Ws000000xYgnIAE,,,,
003Ws000008YFFvIAO,001Ws00003b5HPLIA2,,,2002-12-02,,,,,,false,pbellerby2k@mit.edu,,,Lebanese,,Padraic,Male,false,false,6461779583,,false,,,,,,Bellerby,Travel Agency,New York City,United States,,,,10060,New York,7 Colorado Crossing,6891135151,Padraic Bellerby,,,,,,,,,,005Ws000003miUrIAI,8148052454,/services/images/photo/003Ws000008YFFvIAO,,012Ws000000xYgnIAE,,,,
003Ws000008YFFwIAO,001Ws00003b5HPMIA2,,,2086-04-13,,,,,,false,edowsing2l@arizona.edu,,,Pasta,,Elissa,Female,false,false,2563005087,,false,,,,,,Dowsing,Online Travel Agent,Anniston,United States,,,,36205,Alabama,84 Oakridge Drive,2189485429,Elissa Dowsing,,,,,,,,,,005Ws000003miUrIAI,4105174426,/services/images/photo/003Ws000008YFFwIAO,,012Ws000000xYgnIAE,,,,
003Ws000008YFFxIAO,001Ws00003b5HPNIA2,,,2038-12-12,,,,,,false,jantliff2m@huffingtonpost.com,,,Breakfast and Brunch,,Jorgan,Male,false,false,4359706998,,false,,,,,,Antliff,Corporate Booking,Salt Lake City,United States,,,,84105,Utah,770 Longview Hill,7385545183,Jorgan Antliff,,,,,,,,,,005Ws000003miUrIAI,1222664575,/services/images/photo/003Ws000008YFFxIAO,,012Ws000000xYgnIAE,,,,
003Ws000008YFFyIAO,001Ws00003b5HPOIA2,,,2051-01-09,,,,,,false,vmouton2n@etsy.com,,,Pretzels,,Vic,Male,false,false,4691510195,,false,,,,,,Mouton,Advertisement,Dallas,United States,,,,75210,Texas,2 Moland Terrace,8874808489,Vic Mouton,,,,,,,,,,005Ws000003miUrIAI,7994003499,/services/images/photo/003Ws000008YFFyIAO,,012Ws000000xYgnIAE,,,,
003Ws000008YFFzIAO,001Ws00003b5HPPIA2,,,2037-10-01,,,,,,false,rdevereux2o@dropbox.com,,,Sushi,,Rozanne,Female,false,false,3603091196,,false,,,,,,Devereux,Word of mouth,Milwaukee,United States,,,,53277,Wisconsin,5692 Miller Pass,9742708733,Rozanne Devereux,,,,,,,,,,005Ws000003miUrIAI,1654379457,/services/images/photo/003Ws000008YFFzIAO,,012Ws000000xYgnIAE,,,,
003Ws000008YFG0IAO,001Ws00003b5HPQIA2,,,2069-04-20,,,,,,false,skohnert2p@google.ca,,,Spanish,,Standford,Polygender,false,false,9013165812,,false,,,,,,Kohnert,Web,Memphis,United States,,,,38150,Tennessee,8493 Homewood Court,2669594543,Standford Kohnert,,,,,,,,,,005Ws000003miUrIAI,3253022631,/services/images/photo/003Ws000008YFG0IAO,,012Ws000000xYgnIAE,,,,
003Ws000008YFG1IAO,001Ws00003b5HPRIA2,,,2056-04-09,,,,,,false,bthatcham2q@dmoz.org,,,Middle Eastern,,Bathsheba,Female,false,false,9159145613,,false,,,,,,Thatcham,Web,El Paso,United States,,,,88574,Texas,91 Dixon Street,5592393571,Bathsheba Thatcham,,,,,,,,,,005Ws000003miUrIAI,2147801186,/services/images/photo/003Ws000008YFG1IAO,,012Ws000000xYgnIAE,,,,
003Ws000008YFG2IAO,001Ws00003b5HPSIA2,,,2048-10-14,,,,,,false,bgreiser2r@lycos.com,,,BBQ,,Beaufort,Male,false,false,2138584596,,false,,,,,,Greiser,Word of mouth,Los Angeles,United States,,,,90189,California,54 Moulton Court,8978350207,Beaufort Greiser,,,,,,,,,,005Ws000003miUrIAI,1087782403,/services/images/photo/003Ws000008YFG2IAO,,012Ws000000xYgnIAE,,,,
003Ws000008YFG3IAO,001Ws00003b5HPTIA2,,,2063-07-19,,,,,,false,popenshaw2s@mozilla.org,,,Fondue,,Patience,Female,false,false,8608642293,,false,,,,,,Openshaw,Direct Mail,West Hartford,United States,,,,6127,Connecticut,8 Buhler Park,3701116964,Patience Openshaw,,,,,,,,,,005Ws000003miUrIAI,3146290789,/services/images/photo/003Ws000008YFG3IAO,,012Ws000000xYgnIAE,,,,
003Ws000008YFG4IAO,001Ws00003b5HPUIA2,,,2090-07-11,,,,,,false,csummerly2t@altervista.org,,,Gourmet,,Clemmy,Genderqueer,false,false,5043505838,,false,,,,,,Summerly,Direct Mail,New Orleans,United States,,,,70187,Louisiana,33 Fulton Crossing,2882994493,Clemmy Summerly,,,,,,,,,,005Ws000003miUrIAI,9291344264,/services/images/photo/003Ws000008YFG4IAO,,012Ws000000xYgnIAE,,,,
003Ws000008YFG5IAO,001Ws00003b5HPVIA2,,,2044-07-26,,,,,,false,dhargroves2u@newyorker.com,,,Comfort Food,,Donny,Male,false,false,8042381797,,false,,,,,,Hargroves,Online Travel Agent,Richmond,United States,,,,23242,Virginia,93 Haas Junction,9197609881,Donny Hargroves,,,,,,,,,,005Ws000003miUrIAI,6948753353,/services/images/photo/003Ws000008YFG5IAO,,012Ws000000xYgnIAE,,,,
003Ws000008YFG6IAO,001Ws00003b5HPWIA2,,,2090-07-15,,,,,,false,ecollopy2v@gizmodo.com,,,Japanese,,Ellery,Male,false,false,2123311167,,false,,,,,,Collopy,Advertisement,Brooklyn,United States,,,,11254,New York,7 Oakridge Drive,2014695123,Ellery Collopy,,,,,,,,,,005Ws000003miUrIAI,6281910408,/services/images/photo/003Ws000008YFG6IAO,,012Ws000000xYgnIAE,,,,
003Ws000008YFG7IAO,001Ws00003b5HPXIA2,,,2083-01-14,,,,,,false,pwringe2x@squidoo.com,,,Salads,,Pincus,Male,false,false,5714915804,,false,,,,,,Wringe,Travel Agency,Richmond,United States,,,,23277,Virginia,29 Westridge Terrace,2189755907,Pincus Wringe,,,,,,,,,,005Ws000003miUrIAI,3052310418,/services/images/photo/003Ws000008YFG7IAO,,012Ws000000xYgnIAE,,,,
003Ws000008YFG8IAO,001Ws00003b5HPYIA2,,,2070-09-29,,,,,,false,sprestney2y@sourceforge.net,,,Poke,,Shell,Female,false,false,8069231113,,false,,,,,,Prestney,Corporate Booking,Lubbock,United States,,,,79405,Texas,1 Independence Avenue,8712525107,Shell Prestney,,,,,,,,,,005Ws000003miUrIAI,4808989340,/services/images/photo/003Ws000008YFG8IAO,,012Ws000000xYgnIAE,,,,
003Ws000008YG3RIAW,001Ws00003b5Hz4IAE,,,,,,,,,false,alex.morgan@example.com,,,Mexican,,Alex,,false,false,,,false,,,,,,Morgan,,Dallas,United States,,,,75204,TX,3227 McKinney Avenue,(214) 555-5678,Alex Morgan,,,,,,,,,,005Ws000003miUrIAI,,/services/images/photo/003Ws000008YG3RIAW,,012Ws000000xYgnIAE,,,,
003Ws000008YGovIAG,001Ws00003b5HPZIA2,,,2040-11-28,,,,,,false,cgrandison2z@princeton.edu,,,Spanish,,Codi,Female,false,false,5024695096,,false,,,,,,Grandison,Corporate Booking,Louisville,United States,,,,40298,Kentucky,37 Clarendon Lane,3594603760,Codi Grandison,,,,,,,,,,005Ws000003miUrIAI,4111045320,/services/images/photo/003Ws000008YGovIAG,,012Ws000000xYgnIAE,,,,
003Ws000008YGowIAG,001Ws00003b5HPaIAM,,,2035-09-13,,,,,,false,rtarply30@mayoclinic.com,,,Soup,,Richart,Male,false,false,4323660468,,false,,,,,,Tarply,Advertisement,Odessa,United States,,,,79764,Texas,9032 Hayes Plaza,8725476862,Richart Tarply,,,,,,,,,,005Ws000003miUrIAI,1546246471,/services/images/photo/003Ws000008YGowIAG,,012Ws000000xYgnIAE,,,,
003Ws000008YGoxIAG,001Ws00003b5HPbIAM,,,2046-01-23,,,,,,false,amanford31@walmart.com,,,Wraps,,Allsun,Female,false,false,8152065049,,false,,,,,,Manford,Corporate Booking,Rockford,United States,,,,61105,Illinois,6 Logan Hill,9647707706,Allsun Manford,,,,,,,,,,005Ws000003miUrIAI,9054461100,/services/images/photo/003Ws000008YGoxIAG,,012Ws000000xYgnIAE,,,,
003Ws000008YGoyIAG,001Ws00003b5HPcIAM,,,2078-12-31,,,,,,false,jlathaye32@ow.ly,,,Turkish,,Jason,Male,false,false,6019031969,,false,,,,,,Lathaye,Direct Mail,Jackson,United States,,,,39204,Mississippi,23 Buhler Crossing,6939750397,Jason Lathaye,,,,,,,,,,005Ws000003miUrIAI,2978327346,/services/images/photo/003Ws000008YGoyIAG,,012Ws000000xYgnIAE,,,,
003Ws000008YGozIAG,001Ws00003b5HPdIAM,,,2077-04-19,,,,,,false,ckuschek33@macromedia.com,,,Spanish,,Caesar,Male,false,false,2029161581,,false,,,,,,Kuschek,Web,Washington,United States,,,,20226,District of Columbia,8724 Eagle Crest Center,7809222971,Caesar Kuschek,,,,,,,,,,005Ws000003miUrIAI,2824212389,/services/images/photo/003Ws000008YGozIAG,,012Ws000000xYgnIAE,,,,
003Ws000008YGp0IAG,001Ws00003b5HPeIAM,,,2064-02-23,,,,,,false,aadan34@unblog.fr,,,Cajun,,Aeriel,Female,false,false,4196857600,,false,,,,,,Adan,Advertisement,Toledo,United States,,,,43666,Ohio,581 Jenifer Lane,5302426982,Aeriel Adan,,,,,,,,,,005Ws000003miUrIAI,8095925341,/services/images/photo/003Ws000008YGp0IAG,,012Ws000000xYgnIAE,,,,
003Ws000008YGp1IAG,001Ws00003b5HPfIAM,,,2094-01-09,,,,,,false,cbalsdone35@hostgator.com,,,American,,Carmel,Agender,false,false,2152696278,,false,,,,,,Balsdone,Advertisement,Philadelphia,United States,,,,19146,Pennsylvania,8079 Manitowish Street,6511543105,Carmel Balsdone,,,,,,,,,,005Ws000003miUrIAI,9569715407,/services/images/photo/003Ws000008YGp1IAG,,012Ws000000xYgnIAE,,,,
003Ws000008YGp2IAG,001Ws00003b5HPgIAM,,,2062-11-26,,,,,,false,wgullane36@cam.ac.uk,,,Middle Eastern,,Willow,Female,false,false,9418692403,,false,,,,,,Gullane,Word of mouth,Bradenton,United States,,,,34282,Florida,4 Ramsey Way,8402112739,Willow Gullane,,,,,,,,,,005Ws000003miUrIAI,6246393046,/services/images/photo/003Ws000008YGp2IAG,,012Ws000000xYgnIAE,,,,
003Ws000008YGp3IAG,001Ws00003b5HPhIAM,,,2004-05-24,,,,,,false,rwhalebelly37@i2i.jp,,,Chinese,,Reginauld,Male,false,false,4084517259,,false,,,,,,Whalebelly,Word of mouth,San Jose,United States,,,,95194,California,3 Ramsey Parkway,2306798157,Reginauld Whalebelly,,,,,,,,,,005Ws000003miUrIAI,4192701415,/services/images/photo/003Ws000008YGp3IAG,,012Ws000000xYgnIAE,,,,
003Ws000008YGp4IAG,001Ws00003b5HPiIAM,,,2065-08-13,,,,,,false,lcunah38@flickr.com,,,Boba Tea,,Lurette,Female,false,false,2023624061,,false,,,,,,Cunah,Word of mouth,Washington,United States,,,,20575,District of Columbia,65 Vidon Drive,6867044875,Lurette Cunah,,,,,,,,,,005Ws000003miUrIAI,4614858048,/services/images/photo/003Ws000008YGp4IAG,,012Ws000000xYgnIAE,,,,
003Ws000008YGp5IAG,001Ws00003b5HPjIAM,,,2080-01-22,,,,,,false,polin39@exblog.jp,,,Pakistani,,Pernell,Male,false,false,7026952686,,false,,,,,,Olin,Corporate Booking,Las Vegas,United States,,,,89115,Nevada,6898 Superior Crossing,9047583850,Pernell Olin,,,,,,,,,,005Ws000003miUrIAI,2201822390,/services/images/photo/003Ws000008YGp5IAG,,012Ws000000xYgnIAE,,,,
003Ws000008YGp6IAG,001Ws00003b5HPkIAM,,,2090-11-23,,,,,,false,nhealks3a@usnews.com,,,South African,,Nicole,Female,false,false,4128629903,,false,,,,,,Healks,Online Travel Agent,Pittsburgh,United States,,,,15274,Pennsylvania,6671 Orin Way,7301178614,Nicole Healks,,,,,,,,,,005Ws000003miUrIAI,1135961143,/services/images/photo/003Ws000008YGp6IAG,,012Ws000000xYgnIAE,,,,
003Ws000008YGp7IAG,001Ws00003b5HPlIAM,,,2043-04-03,,,,,,false,vnecolds3c@sourceforge.net,,,Japanese,,Valma,Non-binary,false,false,6121930272,,false,,,,,,Necolds,Corporate Booking,Minneapolis,United States,,,,55441,Minnesota,874 Mesta Avenue,5404058951,Valma Necolds,,,,,,,,,,005Ws000003miUrIAI,3831867675,/services/images/photo/003Ws000008YGp7IAG,,012Ws000000xYgnIAE,,,,
003Ws000008YGp8IAG,001Ws00003b5HPmIAM,,,2067-11-17,,,,,,false,adibernardo3d@zdnet.com,,,Italian,,Adoree,Female,false,false,5206935204,,false,,,,,,Di Bernardo,Corporate Booking,Tucson,United States,,,,85743,Arizona,119 Saint Paul Junction,2839634238,Adoree Di Bernardo,,,,,,,,,,005Ws000003miUrIAI,3023518406,/services/images/photo/003Ws000008YGp8IAG,,012Ws000000xYgnIAE,,,,
003Ws000008YGp9IAG,001Ws00003b5HPnIAM,,,2037-12-15,,,,,,false,noldall3e@etsy.com,,,Pizza,,Nedda,Female,false,false,4133006999,,false,,,,,,Oldall,Web,Springfield,United States,,,,1105,Massachusetts,0 Northland Plaza,5823982180,Nedda Oldall,,,,,,,,,,005Ws000003miUrIAI,6542171294,/services/images/photo/003Ws000008YGp9IAG,,012Ws000000xYgnIAE,,,,
003Ws000008YGpAIAW,001Ws00003b5HPoIAM,,,2059-05-06,,,,,,false,epengilly3f@zdnet.com,,,Vegan,,Edgard,Genderfluid,false,false,2625115091,,false,,,,,,Pengilly,Advertisement,Racine,United States,,,,53405,Wisconsin,7669 Sunbrook Alley,8772885423,Edgard Pengilly,,,,,,,,,,005Ws000003miUrIAI,1981587699,/services/images/photo/003Ws000008YGpAIAW,,012Ws000000xYgnIAE,,,,
003Ws000008YGpBIAW,001Ws00003b5HPpIAM,,,2056-09-13,,,,,,false,tferras3g@epa.gov,,,Healthy,,Tory,Female,false,false,2549785852,,false,,,,,,Ferras,Corporate Booking,Waco,United States,,,,76705,Texas,95 Transport Parkway,5586613448,Tory Ferras,,,,,,,,,,005Ws000003miUrIAI,5173503777,/services/images/photo/003Ws000008YGpBIAW,,012Ws000000xYgnIAE,,,,
003Ws000008YGpCIAW,001Ws00003b5HPqIAM,,,2074-10-24,,,,,,false,cgoucher3h@indiegogo.com,,,Vegan,,Carlynne,Female,false,false,2031379273,,false,,,,,,Goucher,Web,Stamford,United States,,,,6912,Connecticut,1155 Sundown Court,9946317910,Carlynne Goucher,,,,,,,,,,005Ws000003miUrIAI,1278020111,/services/images/photo/003Ws000008YGpCIAW,,012Ws000000xYgnIAE,,,,
003Ws000008YGpDIAW,001Ws00003b5HPrIAM,,,2000-12-16,,,,,,false,kcowburn3i@ucoz.ru,,,Mediterranean,,Karena,Female,false,false,6022507388,,false,,,,,,Cowburn,Direct Mail,Phoenix,United States,,,,85030,Arizona,0650 Mariners Cove Trail,6815485642,Karena Cowburn,,,,,,,,,,005Ws000003miUrIAI,7209692059,/services/images/photo/003Ws000008YGpDIAW,,012Ws000000xYgnIAE,,,,
003Ws000008YGpEIAW,001Ws00003b5HPsIAM,,,2096-07-31,,,,,,false,ebelle3j@example.com,,,Pancakes,,Emilio,Male,false,false,8328850620,,false,,,,,,Belle,Corporate Booking,Houston,United States,,,,77095,Texas,77647 Sunnyside Pass,6067243747,Emilio Belle,,,,,,,,,,005Ws000003miUrIAI,9205653715,/services/images/photo/003Ws000008YGpEIAW,,012Ws000000xYgnIAE,,,,
003Ws000008YGpFIAW,001Ws00003b5HPtIAM,,,2070-10-28,,,,,,false,pdanforth3k@vinaora.com,,,Pasta,,Penny,Male,false,false,7046554863,,false,,,,,,Danforth,Corporate Booking,Charlotte,United States,,,,28289,North Carolina,42552 Loeprich Alley,5325010702,Penny Danforth,,,,,,,,,,005Ws000003miUrIAI,2958120261,/services/images/photo/003Ws000008YGpFIAW,,012Ws000000xYgnIAE,,,,
003Ws000008YGpGIAW,001Ws00003b5HPuIAM,,,2081-09-21,,,,,,false,bscarsbrooke3l@guardian.co.uk,,,Malaysian,,Barclay,Male,false,false,2247346075,,false,,,,,,Scarsbrooke,Word of mouth,Schaumburg,United States,,,,60193,Illinois,312 Nevada Parkway,4788580836,Barclay Scarsbrooke,,,,,,,,,,005Ws000003miUrIAI,3844261544,/services/images/photo/003Ws000008YGpGIAW,,012Ws000000xYgnIAE,,,,
003Ws000008YGpHIAW,001Ws00003b5HPvIAM,,,2077-11-26,,,,,,false,cstair3m@people.com.cn,,,Turkish,,Courtnay,Male,false,false,9365290375,,false,,,,,,Stair,Web,Beaumont,United States,,,,77705,Texas,90 Sutteridge Court,2164420529,Courtnay Stair,,,,,,,,,,005Ws000003miUrIAI,7731514160,/services/images/photo/003Ws000008YGpHIAW,,012Ws000000xYgnIAE,,,,
003Ws000008YGpIIAW,001Ws00003b5HPwIAM,,,2089-01-04,,,,,,false,akilgallen3n@wired.com,,,Vegetarian,,Agna,Female,false,false,3379150822,,false,,,,,,Kilgallen,Advertisement,Lafayette,United States,,,,70593,Louisiana,28 Mifflin Circle,1265272323,Agna Kilgallen,,,,,,,,,,005Ws000003miUrIAI,5155011124,/services/images/photo/003Ws000008YGpIIAW,,012Ws000000xYgnIAE,,,,
003Ws000008YGpJIAW,001Ws00003b5HPxIAM,,,2094-02-20,,,,,,false,nmelsome3o@addtoany.com,,,Asian Fusion,,Neall,Male,false,false,3042697979,,false,,,,,,Melsome,Travel Agency,Huntington,United States,,,,25775,West Virginia,44522 Meadow Vale Plaza,7443108080,Neall Melsome,,,,,,,,,,005Ws000003miUrIAI,5182060171,/services/images/photo/003Ws000008YGpJIAW,,012Ws000000xYgnIAE,,,,
003Ws000008YGpKIAW,001Ws00003b5HPyIAM,,,2051-12-25,,,,,,false,eholsey3p@techcrunch.com,,,Burgers,,Eddy,Male,false,false,2051182907,,false,,,,,,Holsey,Corporate Booking,Birmingham,United States,,,,35244,Alabama,8113 Arizona Parkway,7967328931,Eddy Holsey,,,,,,,,,,005Ws000003miUrIAI,4904850771,/services/images/photo/003Ws000008YGpKIAW,,012Ws000000xYgnIAE,,,,
003Ws000008YGpLIAW,001Ws00003b5HPzIAM,,,2052-03-13,,,,,,false,apetricek3r@berkeley.edu,,,Shawarma,,Angelita,Non-binary,false,false,8123530159,,false,,,,,,Petricek,Advertisement,Bloomington,United States,,,,47405,Indiana,83 Reinke Crossing,6638933414,Angelita Petricek,,,,,,,,,,005Ws000003miUrIAI,4652921554,/services/images/photo/003Ws000008YGpLIAW,,012Ws000000xYgnIAE,,,,
003Ws000008YGpMIAW,001Ws00003b5HQ0IAM,,,2087-09-22,,,,,,false,jhavesides3s@ed.gov,,,Mexican,,Jayson,Male,false,false,9014506437,,false,,,,,,Havesides,Corporate Booking,Memphis,United States,,,,38168,Tennessee,56 School Road,5589918649,Jayson Havesides,,,,,,,,,,005Ws000003miUrIAI,1649599075,/services/images/photo/003Ws000008YGpMIAW,,012Ws000000xYgnIAE,,,,
003Ws000008YGpNIAW,001Ws00003b5HQ1IAM,,,2085-12-19,,,,,,false,sshotter3t@chron.com,,,Cajun,,Selby,Male,false,false,9543065338,,false,,,,,,Shotter,Travel Agency,Fort Lauderdale,United States,,,,33330,Florida,0220 Kings Lane,4953454238,Selby Shotter,,,,,,,,,,005Ws000003miUrIAI,1767412463,/services/images/photo/003Ws000008YGpNIAW,,012Ws000000xYgnIAE,,,,
003Ws000008YGpOIAW,001Ws00003b5HQ2IAM,,,2097-07-31,,,,,,false,jheaselgrave3u@goo.ne.jp,,,Soup,,Joan,Female,false,false,5621289108,,false,,,,,,Heaselgrave,Web,Long Beach,United States,,,,90805,California,847 Melrose Avenue,8053983927,Joan Heaselgrave,,,,,,,,,,005Ws000003miUrIAI,2512233124,/services/images/photo/003Ws000008YGpOIAW,,012Ws000000xYgnIAE,,,,
003Ws000008YGpPIAW,001Ws00003b5HQ3IAM,,,2088-04-28,,,,,,false,ndewes3v@oracle.com,,,Lebanese,,Nigel,Male,false,false,3176662848,,false,,,,,,Dewes,Word of mouth,Indianapolis,United States,,,,46278,Indiana,38725 Stang Court,7882516696,Nigel Dewes,,,,,,,,,,005Ws000003miUrIAI,5407144411,/services/images/photo/003Ws000008YGpPIAW,,012Ws000000xYgnIAE,,,,
003Ws000008YGpQIAW,001Ws00003b5HQ4IAM,,,2095-10-01,,,,,,false,epaoloni3w@joomla.org,,,Thai,,Emmet,Male,false,false,6028956223,,false,,,,,,Paoloni,Online Travel Agent,Phoenix,United States,,,,85053,Arizona,5 New Castle Circle,3394253305,Emmet Paoloni,,,,,,,,,,005Ws000003miUrIAI,6248822602,/services/images/photo/003Ws000008YGpQIAW,,012Ws000000xYgnIAE,,,,
003Ws000008YGpRIAW,001Ws00003b5HQ5IAM,,,2093-05-31,,,,,,false,gkeese3x@wired.com,,,Gourmet,,Geordie,Male,false,false,8508264044,,false,,,,,,Keese,Online Travel Agent,Tallahassee,United States,,,,32304,Florida,456 Boyd Circle,7807707208,Geordie Keese,,,,,,,,,,005Ws000003miUrIAI,4406608480,/services/images/photo/003Ws000008YGpRIAW,,012Ws000000xYgnIAE,,,,
003Ws000008YGpSIAW,001Ws00003b5HQ6IAM,,,2073-05-15,,,,,,false,dsheards3y@ustream.tv,,,Bakery,,Dulce,Female,false,false,7022712080,,false,,,,,,Sheards,Corporate Booking,Las Vegas,United States,,,,89166,Nevada,38 Merrick Alley,7751796813,Dulce Sheards,,,,,,,,,,005Ws000003miUrIAI,6612981834,/services/images/photo/003Ws000008YGpSIAW,,012Ws000000xYgnIAE,,,,
003Ws000008YGpTIAW,001Ws00003b5HQ7IAM,,,2079-11-10,,,,,,false,hmacsherry3z@reference.com,,,Pancakes,,Hillary,Female,false,false,6076813408,,false,,,,,,MacSherry,Word of mouth,Elmira,United States,,,,14905,New York,13 Miller Place,7014400281,Hillary MacSherry,,,,,,,,,,005Ws000003miUrIAI,2693586695,/services/images/photo/003Ws000008YGpTIAW,,012Ws000000xYgnIAE,,,,
003Ws000008YGpUIAW,001Ws00003b5HQ8IAM,,,2038-01-20,,,,,,false,mmelloy40@canalblog.com,,,Tapas,,Monroe,Male,false,false,7324443628,,false,,,,,,Melloy,Corporate Booking,New Brunswick,United States,,,,8922,New Jersey,36301 Grim Crossing,6383623887,Monroe Melloy,,,,,,,,,,005Ws000003miUrIAI,1138184474,/services/images/photo/003Ws000008YGpUIAW,,012Ws000000xYgnIAE,,,,
003Ws000008YGpVIAW,001Ws00003b5HQ9IAM,,,2063-12-25,,,,,,false,jmackieson41@soup.io,,,Turkish,,Julee,Female,false,false,5163883147,,false,,,,,,Mackieson,Direct Mail,Hicksville,United States,,,,11854,New York,2 Truax Hill,3523837978,Julee Mackieson,,,,,,,,,,005Ws000003miUrIAI,5572930493,/services/images/photo/003Ws000008YGpVIAW,,012Ws000000xYgnIAE,,,,
003Ws000008YGpWIAW,001Ws00003b5HQAIA2,,,2065-01-08,,,,,,false,plyste42@unc.edu,,,Venezuelan,,Petronille,Female,false,false,3051712913,,false,,,,,,Lyste,Word of mouth,Clearwater,United States,,,,34620,Florida,23438 Forest Park,9272017864,Petronille Lyste,,,,,,,,,,005Ws000003miUrIAI,6449736048,/services/images/photo/003Ws000008YGpWIAW,,012Ws000000xYgnIAE,,,,
003Ws000008YGpXIAW,001Ws00003b5HQBIA2,,,2002-11-23,,,,,,false,tdiche43@nymag.com,,,Dim Sum,,Thomas,Male,false,false,6021134495,,false,,,,,,Diche,Web,Phoenix,United States,,,,85099,Arizona,09 Westridge Point,8475094264,Thomas Diche,,,,,,,,,,005Ws000003miUrIAI,1969367353,/services/images/photo/003Ws000008YGpXIAW,,012Ws000000xYgnIAE,,,,
003Ws000008YGpYIAW,001Ws00003b5HQCIA2,,,2003-02-11,,,,,,false,wadran44@google.de,,,Halal,,Wadsworth,Male,false,false,6199586917,,false,,,,,,Adran,Word of mouth,San Diego,United States,,,,92176,California,05269 West Circle,8095943697,Wadsworth Adran,,,,,,,,,,005Ws000003miUrIAI,9822427708,/services/images/photo/003Ws000008YGpYIAW,,012Ws000000xYgnIAE,,,,
003Ws000008YGpZIAW,001Ws00003b5HQDIA2,,,2076-08-25,,,,,,false,hjendrusch46@networksolutions.com,,,Tapas,,Humfrid,Male,false,false,4434695851,,false,,,,,,Jendrusch,Corporate Booking,Baltimore,United States,,,,21229,Maryland,1977 Mayfield Park,7781515217,Humfrid Jendrusch,,,,,,,,,,005Ws000003miUrIAI,3317749771,/services/images/photo/003Ws000008YGpZIAW,,012Ws000000xYgnIAE,,,,
003Ws000008YGpaIAG,001Ws00003b5HQEIA2,,,2038-03-14,,,,,,false,dmcguckin47@ezinearticles.com,,,Korean,,Darrin,Male,false,false,8129676750,,false,,,,,,McGuckin,Travel Agency,Evansville,United States,,,,47732,Indiana,466 Petterle Crossing,6938541479,Darrin McGuckin,,,,,,,,,,005Ws000003miUrIAI,2473262546,/services/images/photo/003Ws000008YGpaIAG,,012Ws000000xYgnIAE,,,,
003Ws000008YGpbIAG,001Ws00003b5HQFIA2,,,2059-03-05,,,,,,false,aevins48@nydailynews.com,,,Tex-Mex,,Angele,Female,false,false,9157011460,,false,,,,,,Evins,Web,El Paso,United States,,,,79999,Texas,1952 Mayer Junction,5053844455,Angele Evins,,,,,,,,,,005Ws000003miUrIAI,6961481874,/services/images/photo/003Ws000008YGpbIAG,,012Ws000000xYgnIAE,,,,
003Ws000008YGpcIAG,001Ws00003b5HQGIA2,,,2077-07-23,,,,,,false,grailton49@smh.com.au,,,Noodles,,Gauthier,Male,false,false,4058830302,,false,,,,,,Railton,Online Travel Agent,Oklahoma City,United States,,,,73179,Oklahoma,1 Lunder Way,4752876476,Gauthier Railton,,,,,,,,,,005Ws000003miUrIAI,1153688974,/services/images/photo/003Ws000008YGpcIAG,,012Ws000000xYgnIAE,,,,
003Ws000008YGpdIAG,001Ws00003b5HQHIA2,,,2047-08-14,,,,,,false,eportwain4a@boston.com,,,Poke,,Errick,Male,false,false,2548796239,,false,,,,,,Portwain,Travel Agency,Waco,United States,,,,76711,Texas,0333 Union Avenue,4278024532,Errick Portwain,,,,,,,,,,005Ws000003miUrIAI,5313471894,/services/images/photo/003Ws000008YGpdIAG,,012Ws000000xYgnIAE,,,,
003Ws000008YGpeIAG,001Ws00003b5HQIIA2,,,2044-08-25,,,,,,false,sgubbin4b@reverbnation.com,,,Venezuelan,,Saul,Bigender,false,false,9516488925,,false,,,,,,Gubbin,Travel Agency,Corona,United States,,,,92878,California,643 Kedzie Point,8801617564,Saul Gubbin,,,,,,,,,,005Ws000003miUrIAI,1644333571,/services/images/photo/003Ws000008YGpeIAG,,012Ws000000xYgnIAE,,,,
003Ws000008YGpfIAG,001Ws00003b5HQJIA2,,,2001-10-10,,,,,,false,dburdell4c@go.com,,,Falafel,,Daven,Male,false,false,5047423549,,false,,,,,,Burdell,Word of mouth,New Orleans,United States,,,,70116,Louisiana,57 West Court,1173700813,Daven Burdell,,,,,,,,,,005Ws000003miUrIAI,3571092669,/services/images/photo/003Ws000008YGpfIAG,,012Ws000000xYgnIAE,,,,
003Ws000008YGpgIAG,001Ws00003b5HQKIA2,,,2057-10-01,,,,,,false,kthickin4d@joomla.org,,,Venezuelan,,Kin,Male,false,false,3022237345,,false,,,,,,Thickin,Travel Agency,Wilmington,United States,,,,19805,Delaware,04508 Iowa Hill,6812980655,Kin Thickin,,,,,,,,,,005Ws000003miUrIAI,8524044179,/services/images/photo/003Ws000008YGpgIAG,,012Ws000000xYgnIAE,,,,
003Ws000008YGphIAG,001Ws00003b5HQLIA2,,,2042-10-05,,,,,,false,sfinessy4e@google.pl,,,Comfort Food,,Seana,Female,false,false,8082475010,,false,,,,,,Finessy,Corporate Booking,Honolulu,United States,,,,96805,Hawaii,0224 2nd Street,5075942615,Seana Finessy,,,,,,,,,,005Ws000003miUrIAI,9884108681,/services/images/photo/003Ws000008YGphIAG,,012Ws000000xYgnIAE,,,,
003Ws000008YGpiIAG,001Ws00003b5HQMIA2,,,2081-04-30,,,,,,false,epotkins4f@jiathis.com,,,Healthy,,Elinore,Female,false,false,6467950824,,false,,,,,,Potkins,Word of mouth,New York City,United States,,,,10004,New York,40799 Melvin Pass,8028348329,Elinore Potkins,,,,,,,,,,005Ws000003miUrIAI,7418100617,/services/images/photo/003Ws000008YGpiIAG,,012Ws000000xYgnIAE,,,,
003Ws000008YGpjIAG,001Ws00003b5HQNIA2,,,2056-03-19,,,,,,false,acornill4g@bing.com,,,Venezuelan,,Abdel,Non-binary,false,false,9126778781,,false,,,,,,Cornill,Web,Savannah,United States,,,,31416,Georgia,87 Judy Center,8562376193,Abdel Cornill,,,,,,,,,,005Ws000003miUrIAI,4406418793,/services/images/photo/003Ws000008YGpjIAG,,012Ws000000xYgnIAE,,,,
003Ws000008YGpkIAG,001Ws00003b5HQOIA2,,,2056-02-11,,,,,,false,wcoath4h@purevolume.com,,,Sushi,,Winnifred,Female,false,false,8597270376,,false,,,,,,Coath,Advertisement,Lexington,United States,,,,40515,Kentucky,805 Brown Alley,9516429656,Winnifred Coath,,,,,,,,,,005Ws000003miUrIAI,4563765352,/services/images/photo/003Ws000008YGpkIAG,,012Ws000000xYgnIAE,,,,
003Ws000008YGplIAG,001Ws00003b5HQPIA2,,,2095-12-17,,,,,,false,mmarquis4i@pagesperso-orange.fr,,,Polish,,Murry,Male,false,false,4127617416,,false,,,,,,Marquis,Corporate Booking,Pittsburgh,United States,,,,15255,Pennsylvania,18 Dakota Alley,4657760291,Murry Marquis,,,,,,,,,,005Ws000003miUrIAI,6989864599,/services/images/photo/003Ws000008YGplIAG,,012Ws000000xYgnIAE,,,,
003Ws000008YGpmIAG,001Ws00003b5HQQIA2,,,2041-10-20,,,,,,false,datkyns4j@businessweek.com,,,Scandinavian,,Duky,Male,false,false,3143896503,,false,,,,,,Atkyns,Travel Agency,Saint Louis,United States,,,,63150,Missouri,73 Sunbrook Lane,8072073083,Duky Atkyns,,,,,,,,,,005Ws000003miUrIAI,6569232001,/services/images/photo/003Ws000008YGpmIAG,,012Ws000000xYgnIAE,,,,
003Ws000008YGpnIAG,001Ws00003b5HQRIA2,,,2047-04-08,,,,,,false,vsellack4l@timesonline.co.uk,,,Desserts,,Vlad,Male,false,false,9159830259,,false,,,,,,Sellack,Direct Mail,El Paso,United States,,,,88525,Texas,207 Saint Paul Place,8393734624,Vlad Sellack,,,,,,,,,,005Ws000003miUrIAI,1785055023,/services/images/photo/003Ws000008YGpnIAG,,012Ws000000xYgnIAE,,,,
003Ws000008YGpoIAG,001Ws00003b5HQSIA2,,,2087-07-23,,,,,,false,mchislett4m@yolasite.com,,,Donuts,,Mitchell,Male,false,false,7163457991,,false,,,,,,Chislett,Online Travel Agent,Buffalo,United States,,,,14276,New York,50608 Autumn Leaf Road,3241411761,Mitchell Chislett,,,,,,,,,,005Ws000003miUrIAI,9353339421,/services/images/photo/003Ws000008YGpoIAG,,012Ws000000xYgnIAE,,,,
003Ws000008YGppIAG,001Ws00003b5HQTIA2,,,2086-12-25,,,,,,false,apavlata4n@army.mil,,,Halal,,Allsun,Female,false,false,5036196566,,false,,,,,,Pavlata,Travel Agency,Beaverton,United States,,,,97075,Oregon,99 Jenifer Way,8421341909,Allsun Pavlata,,,,,,,,,,005Ws000003miUrIAI,8743994993,/services/images/photo/003Ws000008YGppIAG,,012Ws000000xYgnIAE,,,,
003Ws000008YGpqIAG,001Ws00003b5HQUIA2,,,2093-03-25,,,,,,false,amourgue4o@google.com.au,,,Pasta,,Amble,Male,false,false,6128066072,,false,,,,,,Mourgue,Direct Mail,Minneapolis,United States,,,,55480,Minnesota,8136 Dayton Circle,4702124642,Amble Mourgue,,,,,,,,,,005Ws000003miUrIAI,3481649465,/services/images/photo/003Ws000008YGpqIAG,,012Ws000000xYgnIAE,,,,
003Ws000008YGprIAG,001Ws00003b5HQVIA2,,,2088-07-02,,,,,,false,abouldon4p@de.vu,,,Deli,,Alberik,Male,false,false,5139123640,,false,,,,,,Bouldon,Advertisement,Cincinnati,United States,,,,45208,Ohio,0 Haas Way,3873028409,Alberik Bouldon,,,,,,,,,,005Ws000003miUrIAI,1311154315,/services/images/photo/003Ws000008YGprIAG,,012Ws000000xYgnIAE,,,,
003Ws000008YGpsIAG,001Ws00003b5HQWIA2,,,2081-08-07,,,,,,false,rvelden4q@about.com,,,Gastropub,,Ring,Male,false,false,9133762160,,false,,,,,,Velden,Direct Mail,Kansas City,United States,,,,66112,Kansas,55535 Browning Trail,6146040528,Ring Velden,,,,,,,,,,005Ws000003miUrIAI,6767467624,/services/images/photo/003Ws000008YGpsIAG,,012Ws000000xYgnIAE,,,,
003Ws000008YGptIAG,001Ws00003b5HQXIA2,,,2088-06-28,,,,,,false,jmacshane4r@php.net,,,Noodles,,Joellen,Female,false,false,6088259019,,false,,,,,,MacShane,Online Travel Agent,Madison,United States,,,,53710,Wisconsin,1 Granby Center,5391265161,Joellen MacShane,,,,,,,,,,005Ws000003miUrIAI,2568972917,/services/images/photo/003Ws000008YGptIAG,,012Ws000000xYgnIAE,,,,
003Ws000008YGpuIAG,001Ws00003b5HQYIA2,,,2064-10-29,,,,,,false,mwestgarth4s@surveymonkey.com,,,Cajun,,Munmro,Male,false,false,9529939777,,false,,,,,,Westgarth,Advertisement,Maple Plain,United States,,,,55579,Minnesota,78090 Golf Course Circle,4228177923,Munmro Westgarth,,,,,,,,,,005Ws000003miUrIAI,3201339248,/services/images/photo/003Ws000008YGpuIAG,,012Ws000000xYgnIAE,,,,
003Ws000008YGpvIAG,001Ws00003b5HQZIA2,,,2001-07-09,,,,,,false,ncarstairs4t@usa.gov,,,Empanadas,,Nickolaus,Male,false,false,7132397218,,false,,,,,,Carstairs,Corporate Booking,Houston,United States,,,,77075,Texas,6 Bowman Terrace,8508899103,Nickolaus Carstairs,,,,,,,,,,005Ws000003miUrIAI,7595366129,/services/images/photo/003Ws000008YGpvIAG,,012Ws000000xYgnIAE,,,,
003Ws000008YGpwIAG,001Ws00003b5HQaIAM,,,2053-07-17,,,,,,false,mcolleymore4u@marriott.com,,,Mac and Cheese,,Marcello,Male,false,false,2291534969,,false,,,,,,Colleymore,Direct Mail,Albany,United States,,,,31704,Georgia,7379 Morningstar Hill,6229017461,Marcello Colleymore,,,,,,,,,,005Ws000003miUrIAI,4981144431,/services/images/photo/003Ws000008YGpwIAG,,012Ws000000xYgnIAE,,,,
003Ws000008YGpxIAG,001Ws00003b5HQbIAM,,,2035-10-14,,,,,,false,lrichfield4v@reference.com,,,Poke,,Leanora,Female,false,false,2147105771,,false,,,,,,Richfield,Web,Dallas,United States,,,,75260,Texas,86 Mendota Road,2145329879,Leanora Richfield,,,,,,,,,,005Ws000003miUrIAI,2445393771,/services/images/photo/003Ws000008YGpxIAG,,012Ws000000xYgnIAE,,,,
003Ws000008YGpyIAG,001Ws00003b5HQcIAM,,,2084-05-19,,,,,,false,ddemattia4w@ibm.com,,,Tacos,,Devin,Male,false,false,6465887480,,false,,,,,,De Mattia,Direct Mail,New York City,United States,,,,10170,New York,82628 Aberg Point,3667771055,Devin De Mattia,,,,,,,,,,005Ws000003miUrIAI,7431375738,/services/images/photo/003Ws000008YGpyIAG,,012Ws000000xYgnIAE,,,,
003Ws000008YGpzIAG,001Ws00003b5HQdIAM,,,2095-11-07,,,,,,false,ntungay4x@opensource.org,,,Pizza,,Nert,Genderqueer,false,false,5737296229,,false,,,,,,Tungay,Word of mouth,Columbia,United States,,,,65211,Missouri,31 Anniversary Way,4267172977,Nert Tungay,,,,,,,,,,005Ws000003miUrIAI,9419351810,/services/images/photo/003Ws000008YGpzIAG,,012Ws000000xYgnIAE,,,,
003Ws000008YGq0IAG,001Ws00003b5HQeIAM,,,2054-02-08,,,,,,false,cfairleigh4y@amazon.com,,,Gluten-Free,,Corie,Female,false,false,9893883747,,false,,,,,,Fairleigh,Web,Saginaw,United States,,,,48604,Michigan,0 Blackbird Street,1413282525,Corie Fairleigh,,,,,,,,,,005Ws000003miUrIAI,6236878963,/services/images/photo/003Ws000008YGq0IAG,,012Ws000000xYgnIAE,,,,
003Ws000008YGq1IAG,001Ws00003b5HQfIAM,,,2041-09-04,,,,,,false,ehindes50@techcrunch.com,,,Cajun,,Ellswerth,Male,false,false,9017190662,,false,,,,,,Hindes,Web,Memphis,United States,,,,38150,Tennessee,6 Hooker Lane,2876024287,Ellswerth Hindes,,,,,,,,,,005Ws000003miUrIAI,8101065227,/services/images/photo/003Ws000008YGq1IAG,,012Ws000000xYgnIAE,,,,
003Ws000008YGq2IAG,001Ws00003b5HQhIAM,,,2091-07-17,,,,,,false,bclemendot52@yahoo.com,,,Cuban,,Bruce,Male,false,false,7032598489,,false,,,,,,Clemendot,Advertisement,Reston,United States,,,,20195,Virginia,448 Corscot Court,9452336151,Bruce Clemendot,,,,,,,,,,005Ws000003miUrIAI,3862191568,/services/images/photo/003Ws000008YGq2IAG,,012Ws000000xYgnIAE,,,,
003Ws000008YGq3IAG,001Ws00003b5HQiIAM,,,2086-08-24,,,,,,false,iwalkden53@microsoft.com,,,Pakistani,,Ichabod,Male,false,false,3104979766,,false,,,,,,Walkden,Word of mouth,Torrance,United States,,,,90505,California,4 John Wall Terrace,2191388810,Ichabod Walkden,,,,,,,,,,005Ws000003miUrIAI,9536085377,/services/images/photo/003Ws000008YGq3IAG,,012Ws000000xYgnIAE,,,,
003Ws000008YGq4IAG,001Ws00003b5HQjIAM,,,2090-01-31,,,,,,false,aleeder54@unc.edu,,,Portuguese,,Abelard,Male,false,false,3102761245,,false,,,,,,Leeder,Corporate Booking,Van Nuys,United States,,,,91406,California,3 Upham Circle,1053375253,Abelard Leeder,,,,,,,,,,005Ws000003miUrIAI,4939639737,/services/images/photo/003Ws000008YGq4IAG,,012Ws000000xYgnIAE,,,,
003Ws000008YGq5IAG,001Ws00003b5HQkIAM,,,2080-04-26,,,,,,false,nlisciandri55@umn.edu,,,Russian,,Nikolia,Female,false,false,6178971420,,false,,,,,,Lisciandri,Advertisement,Newton,United States,,,,2162,Massachusetts,6 Summer Ridge Park,3127989069,Nikolia Lisciandri,,,,,,,,,,005Ws000003miUrIAI,1306257123,/services/images/photo/003Ws000008YGq5IAG,,012Ws000000xYgnIAE,,,,
003Ws000008YGq6IAG,001Ws00003b5HQlIAM,,,2042-08-24,,,,,,false,adabinett56@dmoz.org,,,Scandinavian,,Aliza,Female,false,false,8506652379,,false,,,,,,Dabinett,Advertisement,Tallahassee,United States,,,,32309,Florida,2422 Dovetail Pass,7576967484,Aliza Dabinett,,,,,,,,,,005Ws000003miUrIAI,8969602534,/services/images/photo/003Ws000008YGq6IAG,,012Ws000000xYgnIAE,,,,
003Ws000008YGq7IAG,001Ws00003b5HQmIAM,,,2086-10-26,,,,,,false,noakland57@google.nl,,,Portuguese,,Nicholas,Male,false,false,2031376315,,false,,,,,,Oakland,Web,New Haven,United States,,,,6520,Connecticut,634 Iowa Avenue,5503750715,Nicholas Oakland,,,,,,,,,,005Ws000003miUrIAI,7035668085,/services/images/photo/003Ws000008YGq7IAG,,012Ws000000xYgnIAE,,,,
003Ws000008YGq8IAG,001Ws00003b5HQnIAM,,,2043-01-29,,,,,,false,sheyworth58@craigslist.org,,,Calzones,,Stinky,Male,false,false,9046138906,,false,,,,,,Heyworth,Travel Agency,Jacksonville,United States,,,,32230,Florida,53237 Muir Drive,2337351048,Stinky Heyworth,,,,,,,,,,005Ws000003miUrIAI,9726305657,/services/images/photo/003Ws000008YGq8IAG,,012Ws000000xYgnIAE,,,,
003Ws000008YGq9IAG,001Ws00003b5HQoIAM,,,2082-11-01,,,,,,false,nwalden59@flavors.me,,,Polish,,Nicolai,Male,false,false,4154621364,,false,,,,,,Walden,Travel Agency,San Francisco,United States,,,,94110,California,122 Truax Parkway,6214615904,Nicolai Walden,,,,,,,,,,005Ws000003miUrIAI,6499593190,/services/images/photo/003Ws000008YGq9IAG,,012Ws000000xYgnIAE,,,,
003Ws000008YGqAIAW,001Ws00003b5HQpIAM,,,2045-01-30,,,,,,false,bgroombridge5a@vinaora.com,,,BBQ,,Brook,Female,false,false,3144128590,,false,,,,,,Groombridge,Travel Agency,Saint Louis,United States,,,,63150,Missouri,2 Steensland Pass,8723668617,Brook Groombridge,,,,,,,,,,005Ws000003miUrIAI,5547686307,/services/images/photo/003Ws000008YGqAIAW,,012Ws000000xYgnIAE,,,,
003Ws000008YGqBIAW,001Ws00003b5HQqIAM,,,2079-01-27,,,,,,false,akluger5b@photobucket.com,,,French Fries,,Aryn,Female,false,false,7166805579,,false,,,,,,Kluger,Direct Mail,Buffalo,United States,,,,14205,New York,307 Golf View Parkway,8352311404,Aryn Kluger,,,,,,,,,,005Ws000003miUrIAI,9458115486,/services/images/photo/003Ws000008YGqBIAW,,012Ws000000xYgnIAE,,,,
003Ws000008YGqCIAW,001Ws00003b5HQrIAM,,,2059-03-03,,,,,,false,jvalentine5c@indiatimes.com,,,Kebabs,,Jeffrey,Male,false,false,2481570738,,false,,,,,,Valentine,Word of mouth,Farmington,United States,,,,48335,Michigan,481 Forest Dale Street,6175652054,Jeffrey Valentine,,,,,,,,,,005Ws000003miUrIAI,9339369652,/services/images/photo/003Ws000008YGqCIAW,,012Ws000000xYgnIAE,,,,
003Ws000008YGqDIAW,001Ws00003b5HQsIAM,,,2092-06-09,,,,,,false,nverden5d@pen.io,,,Street Food,,Neil,Male,false,false,3055310275,,false,,,,,,Verden,Advertisement,Miami Beach,United States,,,,33141,Florida,10 Daystar Hill,7179266871,Neil Verden,,,,,,,,,,005Ws000003miUrIAI,6847084135,/services/images/photo/003Ws000008YGqDIAW,,012Ws000000xYgnIAE,,,,
003Ws000008YGqEIAW,001Ws00003b5HQtIAM,,,2072-07-16,,,,,,false,mkitlee5f@patch.com,,,Sushi,,Morton,Male,false,false,6021691825,,false,,,,,,Kitlee,Direct Mail,Phoenix,United States,,,,85062,Arizona,18614 Luster Lane,4576389773,Morton Kitlee,,,,,,,,,,005Ws000003miUrIAI,6293800026,/services/images/photo/003Ws000008YGqEIAW,,012Ws000000xYgnIAE,,,,
003Ws000008YGqFIAW,001Ws00003b5HQuIAM,,,2094-07-02,,,,,,false,khadland5g@salon.com,,,Salads,,Karin,Female,false,false,7402526781,,false,,,,,,Hadland,Advertisement,Columbus,United States,,,,43240,Ohio,9 Eggendart Pass,9693137810,Karin Hadland,,,,,,,,,,005Ws000003miUrIAI,1134306841,/services/images/photo/003Ws000008YGqFIAW,,012Ws000000xYgnIAE,,,,
003Ws000008YGqGIAW,001Ws00003b5HQvIAM,,,2035-11-01,,,,,,false,tpimmocke5h@europa.eu,,,Diner,,Thayne,Male,false,false,3607633073,,false,,,,,,Pimmocke,Web,Milwaukee,United States,,,,53277,Wisconsin,6495 Banding Parkway,1004542257,Thayne Pimmocke,,,,,,,,,,005Ws000003miUrIAI,1717163685,/services/images/photo/003Ws000008YGqGIAW,,012Ws000000xYgnIAE,,,,
003Ws000008YGqHIAW,001Ws00003b5HQwIAM,,,2097-03-16,,,,,,false,eharriman5i@1688.com,,,Southern,,Evangelina,Female,false,false,2517624857,,false,,,,,,Harriman,Word of mouth,Mobile,United States,,,,36641,Alabama,4665 Northwestern Road,5573618728,Evangelina Harriman,,,,,,,,,,005Ws000003miUrIAI,4318519962,/services/images/photo/003Ws000008YGqHIAW,,012Ws000000xYgnIAE,,,,
003Ws000008YGqIIAW,001Ws00003b5HQxIAM,,,2069-06-06,,,,,,false,wbooth5j@topsy.com,,,Malaysian,,Will,Male,false,false,2065449420,,false,,,,,,Booth,Direct Mail,Milwaukee,United States,,,,53285,Wisconsin,83425 Farmco Point,4078669114,Will Booth,,,,,,,,,,005Ws000003miUrIAI,2867573304,/services/images/photo/003Ws000008YGqIIAW,,012Ws000000xYgnIAE,,,,
